{	"details":"安装搜空雷达与狗斗机炮\n咬住！", 
"rotateSpeed": 3.5,
  "speed":3.5,   "accel":0.1,
  "drag":0.09,
  "targetAir":true,
  "circleTarget":true,
  "health": 150,
  "weapons":[
	{	"name": "none",	
	"minShootVelocity": 0,
		"reload": 4,
        "x": 3,  "y": 2.5, 
        "rotate": false,
        "inaccuracy": 1,
		"ignoreRotation":true,
		"alternate": true,
		"ejectEffect":"casing1",
		"shootSound": "shoot",
		"bullet":{
	    "damage":10,	  
	    "speed":8, "lifetime":30,
	    "width":2,	 "height":16	}	}
	]
}
