{
	"type": "flying",
	"name": "余晖",
	"description": "攻击附近所有敌人。发射密集的带电分裂弹与冲击束。发射巨型激光融化敌人并引起火灾。",  
 	"details":"",
	"ammoType":"surge-alloy",
	"ammoCapacity": 1400,
    "speed": 0.95,
    "drag":0.05,
	"accel":0.04,
	"flying": true,
	"engineOffset": 46,	
	"engineSize": 10,
    "hitSize": 68,
    "faceTarget": true,
    "lowAltitude":true,
    "health": 160000,
    "armor": 30,
    "rotateSpeed": 1.2,
    "itemCapacity": 100,
    "research":"eclipse",
  "weapons":[
{	"name": "余晖1",
	"reload": 10, 
	"shootY":7,
    "x": 8,  "y": 24, 
    "rotate": true,
    "rotateSpeed":2.3,
	"shootSound": "shootBig",
	"shake":1,
	"ejectEffect":"casing3",
	"bullet":{
    "speed": 9,
    "lifetime":44,
	"width": 12,"height": 14,
	"damage":25,
	"splashDamageRadius":45,
	"splashDamage":95,
    "hitSound":"explosion",
	"shootEffect":"shootBig",
	"smokeEffect":"shootBigSmoke",
	"hitEffect":"flakExplosionBig",
    "despawnEffect":"flakExplosionBig",
    "lightningDamage":40,
    "lightning":3,
    "lightningLength":8,
    "fragBullets":4,
	"fragBullet":{
	"speed":12,"lifetime":0.9,
	"width":8,"height":9,
	"damage":8,
	"splashDamageRadius":25,
	"splashDamage":35}}},
{	"name": "余晖1",
	"reload": 15, 
	"shootY":7,
    "x": 32,  "y": -28, 
    "rotate": true,
    "rotateSpeed":2.3,
	"shootSound": "shootBig",
	"shake":1,
	"ejectEffect":"casing3",
	"bullet":{
    "speed": 9,
    "lifetime":44,
	"width": 12,"height": 14,
	"damage":30,
	"splashDamageRadius":45,
	"splashDamage":100,
    "hitSound":"explosion",
	"shootEffect":"shootBig",
	"smokeEffect":"shootBigSmoke",
	"hitEffect":"flakExplosionBig",
    "despawnEffect":"flakExplosionBig",
    "lightningDamage":40,
    "lightning":3,
    "lightningLength":8,
    "fragBullets":4,
	"fragBullet":{
	"speed":12,"lifetime":0.9,
	"width":8,"height":9,
	"damage":8,
	"splashDamageRadius":25,
	"splashDamage":35}
	}	},
{	"name": "余晖2",
	"reload":30,     
    "x":24,  "y":0, 
	"shootY":20,
	"shoot":{
	    "type":"ShootSpread",
	    "shots":3,
	    "spread": 20
	},
	"rotate": true,
    "rotateSpeed":1.5,
    "inaccuracy": 0,
	"alternate": true,  
	"shootSound":"shotgun",
	"shake":5,
	"bullet":{
"type": "ShrapnelBulletType",	
"damage":280,   "knockback":6,
"length":150,   "width":18,
"fromColor":"FFA05CFF",
"toColor":"D86E56FF",
"shootEffect":{"type": "ParticleEffect",
    "particles": 9,
    "sizeFrom": 9,
    "sizeTo": 0,
    "line":true,
    "length": 55,
    "baseLength": 0,
    "lifetime": 15,
    "colorFrom": "FFA05CFF",
    "colorTo": "D86E56FF",
    "cone": 60},
"smokeEffect": "bigShockwave"	}	},
{   "name":"余晖3",
    "mirror":false,
    "top":false,
    "shake":4,
    "shootY":28,
    "x":0,"y":0,
    "reload":170,
    "chargeSound":"lasercharge",
    "shootSound":"laserbig",
    "continuous":true,
    "cooldownTime":200,
    "bullet":{
    "type":"ContinuousLaserBulletType",
    "damage":120,
    "width":10,"length":250,
    "colors":["D86E56FF","FFA05CFF", "FFFFFF"],
    "hitEffect":{"type": "ParticleEffect",
    "particles": 6,
    "sizeFrom": 9,
    "sizeTo": 0,
    "line":true,
    "length": 85,
    "baseLength": 0,
    "lifetime": 25,
    "colorFrom": "FFA05CFF",
    "colorTo": "D86E56FF",
    "cone": 80},
    "lifetime":290,
    "hitShake":2,
    "despawnEffect":"smokeCloud",
    "smokeEffect":"none",
    "chargeEffect":{"type": "WaveEffect",
    "lifetime": 89,
    "sizeFrom": 100,
    "sizeTo": 0,
    "strokeFrom": 0,
    "strokeTo": 9,
    "colorFrom": "FFA05CFF",
    "colorTo": "D86E56FF"},
    "incendChance":0.1,
    "incendSpread":8,
    "incendAmount":1
    }}
    ]
}