{
    "type": "ImpactReactor",
    "name": "裂爆反应堆",
    "description": "强大的反应堆，在内部制造真空区启动链式反应收集大量能量\n请保证其所在地安全！否则将抹去附近敌我双方的一切痕迹",
    "details": "在核反应堆内部引爆核弹？！真是疯了！",
    "size": 4,
    "health": 10500,
    "liquidCapacity": 500,
    "itemCapacity": 60,
    "warmupSpeed": 0.001,
    "hasItems": true,
    "hasLiquids": true,
    "outputsPower": true,
    "powerProduction": 1000,
    "itemDuration": 36000,
    "lightColor": "FFFFFF",
    "destroyBullet": {
        "type": "BasicBulletType",
        "splashDamageRadius": 480,
        "splashDamage": 6000,
        "makeFire": true,
        "hitEffect": {
            "type": "WaveEffect",
            "lifetime": 40,
            "sizeFrom": 40,
            "sizeTo": 480,
            "strokeFrom": 30,
            "strokeTo": 0,
            "colorFrom": "EEC591",
            "colorTo": "ffffffff"
        },
        "despawnEffect": {
            "type": "ParticleEffect",
            "particles": 1,
            "sizeFrom": 380,
            "sizeTo": 0,
            "length": 0,
            "baseLength": 0,
            "lifetime": 100,
            "colorFrom": "EEC591",
            "colorTo": "ffffffff",
            "cone": 360
        },
        "trailColor": "FFFFFF",
        "backColor": "FF5B5BFF",
        "frontColor": "E3E3E3",
        "width": 0,
        "height": 0,
        "speed": 0,
        "lifetime": 2,
        "hitSound": "大爆炸"
    },
    "consumes": {
        "power": 5,
        "liquid": {
            "liquid": "cryofluid",
            "amount": 3
        },
        "items": {
            "items": [
                {
                    "item": "thorium",
                    "amount": 18
                },
                {
                    "item": "blast-compound",
                    "amount": 18
                }
            ]
        }
    },
    "requirements": [
        {
            "item": "lead",
            "amount": 1000
        },
        {
            "item": "graphite",
            "amount": 400
        },
        {
            "item": "metaglass",
            "amount": 400
        },
        {
            "item": "镄",
            "amount": 780
        },
        {
            "item": "silicon",
            "amount": 750
        },
        {
            "item": "titanium",
            "amount": 650
        },
        {
            "item": "surge-alloy",
            "amount": 300
        },
        {
            "item": "硅钢",
            "amount": 450
        },
        {
            "item": "泰勒合金",
            "amount": 250
        },
        {
            "item": "三级协议",
            "amount": 1
        }
    ],
    "category": "power",
    "research": "impact-reactor"
}