{
    "type": "ImpactReactor",
    "name": "磁爆反应堆",
    "description": "每分钟更换一次线圈，绝缘设施和超压导体，务必完善绝缘处理！",
    "details": "高压！勿近！[red]电压舱一旦被摧毁会导致失导毁灭性爆炸！",
    "size": 8,
    "health": 42000,
    "warmupSpeed": 0.002,
    "hasItems": true,
    "itemCapacity": 1400,
    "hasLiquids": false,
    "rebuildable":false,
    "outputsPower": true,
    "powerProduction": 6400,
    "itemDuration": 3600,
    "explosionShakeDuration":50,
    "explosionRadius": 1600,
    "explosionDamage": 80000,
    "lightColor": "c0ecff",
    "explodeSound":"explosionbig",
    "explodeEffect": {
        "type": "MultiEffect",
        "effects": [
    {
"type": "ParticleEffect",
"particles": 1,
"sizeFrom": 120,
"sizeTo": 0,
"length": 0,
"baseLength": 0,
"lifetime": 420,
"colorFrom": "c0ecff",
"colorTo": "c0ecff",
"cone": 360
            },
            {
"type": "ParticleEffect",
"particles": 800,
"sizeFrom": 30,
"sizeTo": 0,
"length": 1250,
"baseLength": 420,
"lifetime": 180,
"colorFrom": "58585880",
"colorTo": "58585880",
"cone": 360
            },
            {
"type": "ParticleEffect",
"particles": 490,
"sizeFrom": 12,
"sizeTo": 0,
"length": 1500,
"baseLength": 30,
"lifetime": 190,
"colorFrom": "585855",
"colorTo": "c0ecff",
"cone": 360
            },
            {
"type": "ParticleEffect",
"particles": 222,
"line": true,
"strokeFrom": 8,
"strokeTo": 0,
"lenFrom": 16,
"lenTo": 64,
"length": 1213,
"baseLength": 33,
"lifetime": 32,
"colorFrom": "FFFFFF",
"colorTo": "FFE176FF",
"cone": 360
            }
        ]
    },
    "destroyBullet": {
        "width": 1200,
        "height": 1200,
        "sprite":"饱和火力-海胆",
        "shrinkX":0,
        "shrinkY":0,
        "spin":12,
        "speed": 0,
        "lifetime": 120,
        "damage": 80,
        "frontColor": "c0ecff",
        "backColor": "c0ecff",
        "hitShake": 20,
        "hitSound": "DBZ1",
        "collides":false,
        "hittable":false,
        "absorbable":false,
        "despawnEffect": {
    "type": "MultiEffect",
	"effects": [
	{
            "type": "WaveEffect",
            "lifetime": 40,
            "sizeFrom": 0,
            "sizeTo": 1600,
            "strokeFrom": 22,
            "strokeTo": 0,
            "colorFrom": "c0ecff",
            "colorTo": "ffffff"
        },
    {"type": "ParticleEffect",
    "particles": 100,
    "interp": "pow10Out",
    "sizeInterp": "pow10In",
    "sizeFrom": 85,
    "sizeTo": 0,
    "length": 1600,
    "baseLength": 0,
    "lifetime": 360,
    "colorFrom": "c0ecff70",
    "colorTo": "c0ecff70",
    "cone": 360
        },
    {"type": "ParticleEffect",
    "particles": 125,
    "interp": "pow10Out",
    "sizeInterp": "pow10In",
    "sizeFrom": 60,
    "sizeTo": 0,
    "length": 1600,
    "baseLength": 0,
    "lifetime": 440,
    "colorFrom": "c0ecff70",
    "colorTo": "c0ecff70",
    "cone": 360
        },
    {"type": "ParticleEffect",
    "particles": 195,
    "interp": "pow10Out",
    "sizeInterp": "pow10In",
    "sizeFrom":30,
    "sizeTo": 0,
    "length": 1550,
    "baseLength": 0,
    "lifetime": 550,
    "colorFrom": "c0ecff70",
    "colorTo": "c0ecff70",
    "cone": 360
        },
    {
        "type": "ParticleEffect",
        "particles": 125,
        "line": true,
        "sizeInterp": "pow5In",
        "strokeFrom": 20,
        "strokeTo": 0,
        "lenFrom": 400,
        "lenTo": 0,
        "length": 1600,
        "baseLength": 300,
        "lifetime": 100,
        "colorFrom": "c0ecff",
        "colorTo": "c0ecff",
        "cone": 360
            }
        ]    },
        "hitEffect": "none",
        "lightningDamage": 180,
        "lightning": 18,
        "lightningLength": 200,
        "lightningColor": "c0ecff",
        "splashDamageRadius": 1600,
        "splashDamage": 80000,
        "bulletInterval": 2,
        "intervalBullets": 1,
        "intervalRandomSpread": 360,
        "intervalBullet":{
            "width": 0,"height": 0,
            "speed": 0,"lifetime": 0,
            "instantDisappear":true,
            "damage": 1500,
            "hitShake": 20,
            "hitSound": "DBZ1",
            "despawnEffect": {
"type": "MultiEffect",
"effects": [
    {
    "type": "ParticleEffect",
    "particles": 1,
    "sizeFrom": 0,
    "sizeTo": 2000,
    "length": 0,
    "baseLength": 0,
    "lifetime": 10,
    "colorFrom": "c0ecff90",
    "colorTo": "c0ecff00",
    "cone": 360
    },
    {
    "type": "WaveEffect",
    "lifetime": 35,
    "sizeFrom": 8,
    "sizeTo": 1600,
    "strokeFrom": 10,
    "strokeTo": 0,
    "colorFrom": "c0ecff",
    "colorTo": "c0ecff"
    }
]
            },
            "hitEffect": "none",
            "lightningDamage": 380,
            "lightning": 28,
            "lightningLength": 200,
            "lightningColor": "c0ecff",
            "splashDamageRadius": 1600,
            "splashDamage": 1000,
            "fragBullets": 30,
            "fragLifeMin": 0,
            "fragLifeMax": 1,
            "fragBullet": {
"type": "BasicBulletType",
"sprite": "circle-bullet",
"trailChance":1,
"trailInterval":25,
"trailEffect": {
    "type": "WaveEffect",
    "lifetime": 25,
    "sizeFrom": 8,
    "sizeTo": 24,
    "strokeFrom": 4,
    "strokeTo": 0,
    "colorFrom": "c0ecff",
    "colorTo": "87ceeb"
},
"trailLength": 10,
"trailWidth": 8,
"shrinkY": 0,
"hitShake": 10,
"hitSound": "DBZ1",
"frontColor": "c0ecff",
"backColor": "c0ecff",
"trailColor": "c0ecff",
"width": 16,
"height": 16,
"speed": 40,
"lifetime": 50,
"damage": 95,
"absorbable": false,
"collides": false,
"lightningDamage": 1600,
"lightning": 5,
"lightningLength": 55,
"lightningColor": "c0ecff",
"splashDamageRadius": 85,
"splashDamage": 365,
"despawnEffect": "lancerLaserShoot",
"hitEffect": {
    "type": "MultiEffect",
    "effects": [
    {
        "type": "ParticleEffect",
        "particles": 12,
        "sizeFrom": 13,
        "sizeTo": 0,
        "length": 65,
        "baseLength": 20,
        "lifetime": 60,
        "colorFrom": "585858",
        "colorTo": "585858",
        "cone": 360
    },
    {
        "type": "ParticleEffect",
        "particles": 22,
        "line": true,
        "strokeFrom": 4,
        "strokeTo": 0,
        "lenFrom": 8,
        "lenTo": 20,
        "length": 83,
        "baseLength": 3,
        "lifetime": 32,
        "colorFrom": "FFFFFF",
        "colorTo": "c0ecff",
        "cone": 360
    },
    {
        "type": "WaveEffect",
        "lifetime": 15,
        "sizeFrom": 8,
        "sizeTo": 90,
        "strokeFrom": 6,
        "strokeTo": 0,
        "colorFrom": "585858",
        "colorTo": "FFFFFF"
    }
    ]
},
"collidesAir": true
            }
        }
    },
    "consumes": {
        "power": 800,
        "items": {
            "items": [
    "copper/700",
    "lead/700",
    "plastanium/350",
    "泰勒合金/50"
            ]
        }
    },
    "requirements": [
        "metaglass/13000",
        "plastanium/8600",
        "silicon/8600",
        "surge-alloy/2500",
        "硅钢/3000",
        "裂位能/3000",
        "镄/4200",
        "泰勒合金/200",
        "莱普合金/1500",
        "三级协议/50"
    ],
    "category": "power",
    "research": "泰勒堆"
}