{
    "type":"PowerNode",
    "name":"特高压输电塔",
	"description":"以特高压进行远距离输电，有效降低电能损耗。高压输电性质使得只能有一条电线链接，以此来保证安全",
    "health":300,
	"size":3,
    "maxNodes":1,
    "laserRange":80,
	"research":"surge-tower",
	"requirements": [
	{"item": "lead", "amount": 15},
	{"item": "titanium", "amount": 10},
	{"item": "silicon", "amount": 15},
	{ "item": "硅钢", "amount":7},
	{ "item": "surge-alloy", "amount":5}
	],
	"category":"power"
}