{
	"type": "Pump",
	"name": "潮汐泵",
	"description": "究级液泵，引力工程学的奇迹",
	"size": 4,
	"health": 840,
	"liquidCapacity": 2000,
	"hasLiquids": true,
	"pumpAmount": 5,
	"consumes": {
	"power":10
	},
	"requirements": [
		{"item": "copper", "amount": 350},
		{"item": "metaglass", "amount": 200},
		{"item": "silicon", "amount": 230},
		{"item": "plastanium", "amount": 330},
		{"item": "surge-alloy", "amount": 75},
		{"item": "硅钢", "amount": 155},
		{"item": "一级协议", "amount": 0}
	],
	"category": "liquid",
	"research": "thermal-pump"
}