{ 
    "ammoTypes": {
"metaglass":"fragGlass",
"surge-alloy":"fragSurge",
"plastanium":"fragPlastic",
"blast-compound":"fragExplosive",
	"硅钢":{
    "type":"BasicBulletType",
    "speed": 4,
    "lifetime":50,
	"width": 9,
	"height": 10,
	"damage":5,
	"shootEffect": "shootBig",
	"splashDamageRadius":32,
	"splashDamage":23,
	"status":"unmoving",
	"statusDuration":90,
	"hitEffect":"flakExplosionBig",
    "despawnEffect":"flakExplosionBig",
    "ammoMultiplier":3
	},
	"裂位能": {
     "type":"PointBulletType",
     "damage":40,
     "trailEffect": "none",
     "despawnEffect":"instBomb",
     "hitEffect":"instBomb",
     "hitSound":"plasmaboom",
	 "speed":30,
	 "lifetime":60,
	 "splashDamageRadius":35,
	 "splashDamage":45,
     "ammoMultiplier": 4
},
    "集束":{
  "type":"BasicBulletType",
    "speed": 3.5,
    "keepVelocity":false,
    "lifetime":50,
	"width": 10,
	"height": 11,
	"damage":8,
	"reloadMultiplier":0.55,
	"shootEffect": "shootBig",
	"splashDamageRadius":20,
	"splashDamage":20,
	"hitEffect":"flakExplosionBig",
    "despawnEffect":"flakExplosionBig",
    "ammoMultiplier":6,
    "fragLifeMin":0.1,
    "fragBullets":5,
    "fragBullet":{
		"type":"BasicBulletType",
		"despawnEffect":"flakExplosionBig",
		"status":"blasted",
		"statusDuration":600,
		"width":8,	"height":9,
		"damage":8,
		"splashDamageRadius":40,
		"splashDamage":35,
        "lifetime":20,
        "keepVelocity":false,
        "speed":2.5,
        "drag":0.005
      }	}	
}}
