{
    "accurateDelay":true,
	"moveWhileCharging": false,
	"shootType": {
	"type": "LaserBulletType",
	"lightningSpacing":40,
	"lightningLength":5,
	"lightningDelay":1.1,
	"lightningLengthRand":1,
	"lightningAngleRand":8,
	"lightningDamage":15,
"lightningColor":"FFFFFF",
"damage": 230,
"chargeEffect":"lasercharge",
	"ammoMultiplier":1,
	"width": 18,	"length": 240,
	"lifetime": 20},  
	"consumes": 8,
	"shoot":{
		"type":"ShootPattern",
		"firstShotDelay":60
	},
	"reload":130,
    "chargeSound":"lasercharge2",
	"smokeEffect": "bigShockwave",
	"range": 225,
	"requirements": [
	{ "item": "copper", "amount":130},
	{ "item": "lead", "amount":80},
	{ "item": "silicon", "amount":35},
	{ "item": "titanium", "amount": 30}	]
}