{ "ammoTypes": {
"graphite":"artilleryDense",
"silicon":"artilleryHoming",
"pyratite":"artilleryIncendiary",
"blast-compound":"artilleryExplosive",
"plastanium":"artilleryPlastic",
"硅钢": {
     "type":"ArtilleryBulletType",
     "damage":5,
	 "speed":3,
	 "width": 13,	 "height": 15,
	 "knockback":0.8,
	 "lifetime":60,
	 "hitEffect":"blastExplosion",
	 "despawnEffect":"blastExplosion",
	 "splashDamageRadius":32,
	 "splashDamage":25,
     "ammoMultiplier": 2,
     "status":"unmoving",
     "statusDuration":60
},
"裂位能": {
     "type":"PointBulletType",
     "damage":45,
     "trailEffect": "none",
     "despawnEffect":"instBomb",
     "hitEffect":"instBomb",
	 "speed":30,
	 "lifetime":60,
	 "splashDamageRadius":35,
	 "splashDamage":55,
	 "hitSound":"plasmaboom",
     "ammoMultiplier": 4
},
"水桶": {
    "type":"ArtilleryBulletType",
	"speed": 3.5,
	"lifetime":300,
	"collides":false,
	"width": 15,
	"height": 15,
	"shootEffect": "shootSmall",
	"splashDamageRadius":25,
	"splashDamage":5,                
	"fragBullets": 60,
    "fragBullet": {
    "type": "LiquidBulletType",
    "liquid": "water",
    "lifetime":20,	
    "knockback":2,
    "spend": 0.2,
    "damage": 0.5
    }	},
"冷冻液桶": {
"type":"ArtilleryBulletType",
	"speed": 3.5,
	"lifetime":300,
	"collides":false,
	"width": 15,
	"height": 15,
	"shootEffect": "shootSmall",
	"splashDamageRadius":25,
	"splashDamage":5,                
	"fragBullets": 60,
    "fragBullet": {
    "type": "LiquidBulletType",
   "liquid": "cryofluid",
   "lifetime":20,
   "knockback":1.8,
   "damage": 0.5
    }	},
"矿渣桶": {	
    "type":"ArtilleryBulletType",
	"speed": 3.5,
	"lifetime":300,
	"collides":false,
	"width": 15,
	"height": 15,
	"shootEffect": "shootSmall",
	"splashDamageRadius":25,
	"splashDamage":5,
	"fragBullets": 60,
"fragBullet": {
"type": "LiquidBulletType",
"liquid": "slag",
"lifetime":20,
"knockback":1.5,
"damage": 5
    }	},
"石油桶": {	
    "type":"ArtilleryBulletType",
	"speed": 3.5,
	"lifetime":300,
	"collides":false,
	"width": 15,
	"height": 15,
	"shootEffect": "shootSmall",
	"splashDamageRadius":25,
	"splashDamage":5,                
	"fragBullets": 60,
    "fragBullet": {
   "type": "LiquidBulletType",
   "liquid": "oil",
   "lifetime":20,
   "knockback":1.8,
   "damage": 0.5
    }	},
"纳米流体桶": {	
    "type":"ArtilleryBulletType",
	"speed": 3.5,
	"lifetime":300,
	"collides":false,
	"width": 15,
	"height": 15,
	"shootEffect": "shootSmall",
	"splashDamageRadius":25,
	"splashDamage":5,                
	"fragBullets": 60,
    "fragBullet": {
   "type": "LiquidBulletType",
   "liquid": "纳米流体",
   "lifetime":20, 
   "collidesTeam":true,
   "statusDuration":600,
	"status":"electrified",	
   "knockback":0.6,
   "healPercent":5,
   "damage": 1.5
    }	},
"集束":{
  "type":"ArtilleryBulletType",
	    "speed": 2,
	    "lifetime":190,
		"width": 19,
		"height": 20,
		"backColor":"D85555FF",
		"frontColor":"FE7777FF",
		"damage":9,
		"shootEffect": "shootBig",
		"splashDamageRadius":20,
		"splashDamage":20,
		"hitEffect":"flakExplosionBig",
        "despawnEffect":"flakExplosionBig",
        "ammoMultiplier":6,
        "fragLifeMin":0.3,
        "fragBullets":5,
        "fragBullet":{
		"despawnEffect":"flakExplosionBig",
		"status":"blasted",
		"statusDuration":600,
		"width":8,	"height":9,
		"backColor":"D85555FF",
		"frontColor":"FE7777FF",
		"damage":8,
		"splashDamageRadius":80,
		"splashDamage":45,
        "lifetime":20,
        "speed":1.5
      }
	}	

}
}