{
    "shoot":{
		"shots":8,
		"shotDelay":2},
    "reload":32,
    "ammoTypes": {
"blast-compound":"missileExplosive",
"pyratite":"missileIncendiary",
"surge-alloy":"missileSurge",	    
"硅钢":{
	    "type":"MissileBulletType",
	    "speed": 6,
	    "damage":5,
		"status":"unmoving",
		"statusDuration":60,
	    "lifetime":40, 	
	    "width": 9,
	    "height": 11,	
	    "despawnEffect":"flakExplosionBig",
	    "hitEffect":"flakExplosionBig",
	    "shootEffect": "none",
	    "splashDamageRadius":32,
	    "splashDamage":25
	}

}}