{
    "ammoTypes": {
    "water":"waterShot",
    "cryofluid":"cryoShot",
    "slag":"slagShot",
    "oil":"oilShot",
    "纳米流体":{
    "type": "LiquidBulletType",
    "liquid": "纳米流体",
    "lifetime":30,
    "knockback":0.6,
    "healPercent":5,
    "collidesTeam":true,
    "statusDuration":600,
	"status":"electrified",	
    "damage": 1.5
    },  
    "硝化重油":{
    "type": "LiquidBulletType",
    "liquid": "硝化重油",
    "lifetime":30,
    "knockback":2.5,
	"hitEffect":"flakExplosion",
    "despawnEffect":"flakExplosion",
    "statusDuration":600,
	"status":"blasted",
	"splashDamage":11,	
	"splashDamageRadius":20,
	"damage": 1.5
    }
}
}