{	"details":"",
	"weapons":[
	{	"name": "新星1",	
		"reload": 25, 
        "x": 5,  "y": -1,  
		"shoot":{
			"shots":2,
			"shotDelay":6},
        "rotate": false,
        "shootY":6,
        "top":false,
        "inaccuracy": 0,
        "alternate": false, 
		"shootSound": "lasershoot",
		"bullet":{	
	"type":"LaserBoltBulletType",
	    "frontColor":"FFFFFF",	
	    "backColor":"97FFA8FF",	
	    "healPercent":6,
	    "damage":15,
	    "collidesTeam":true,
	    "speed":7, "lifetime":24,
	    "width":2,	 "height":8	}	}
	    ]
}
