{
	"type": "naval",
	"name": "重堂",
	"description": "发射密集的充能导弹与激光，拦截靠近的实弹。能搞构建星辉单位。",
	"speed": 0.6,
	"rotateSpeed": 0.43,
	"immunities": [
		"burning",
		"blasted",
		"碎解",
		"绝判"
	],
	"ammoType": "surge-alloy",
	"ammoCapacity": 1200,
	"hitSize": 60,
	"trailLength": 70,
	"waveTrailX": 30,
	"waveTrailY": -40,
	"trailScl": 3.4,
	"health": 160000,
	"armor": 22,
	"faceTarget": false,
	"research": "海5",
	"weapons": [
	{
		"name": "重堂1",
		"reload": 45,
		"x": 23,"y": -4.5,
		"shootY": 6,
		"rotate": true,
		"rotateSpeed": 3,
		"mirror": true,
		"inaccuracy": 0,
		"shootSound": "artillery",
		"alternate": true,
		"shoot": {
			"shots": 2,
			"shotDelay": 4,
			"type": "ShootBarrel",
			"barrels": [
			5,16,0,
			-5.5,16,0
			]
		},
		"ejectEffect": "none",
		"bullet": {
	"collidesAir": false,
	"damage": 155,
	"splashDamageRadius": 45,
	"splashDamage": 125,
	"speed": 12,
	"status":"blasted",
   	"statusDuration":60,
	"lifetime": 28,
	"smokeEffect": "shootBig",
	"width": 13,
	"height": 28,
	"hitEffect": "flakExplosionBig",
	"despawnEffect": "none"
	}},

	{"name":"重堂垂发",
	"x":48,"y":104,
	"mirror":true,
	"reload":100,    "xRand":8,
	"shoot":{
	"shots":8,
	"shotDelay":3	},
	"shootCone":360,
	"shootSound":"missile",
	"rotate": false,
	"recoil":0,
	"inaccuracy":360,
	"bullet":{
		"type":"MissileBulletType",
		"damage": 85,
		"splashDamageRadius":50,
		"splashDamage":120,
		"homingRange": 600,
		"homingPower": 0.06,
		"hitEffect":"flakExplosionBig",
		"despawnEffect":"none",
		"sprite":"饱和火力-落雁",
		"trailLength":3,
		"trailWidth":1.2,
		"trailEffect":"none",
		"trailColor":"FFFFFF",
		"backColor":"FF5B5BFF",	
		"frontColor":"E3E3E3",
		"width": 12,"height": 35,
		"speed": 8,"lifetime": 80 }},

		{	"name": "重堂2",	
		"reload": 40,
		"x": 20,  "y": 55,
		"shootY":9,
		"rotate": true,
		"rotateSpeed":3,
		"inaccuracy": 0,
		"alternate": true,
		"shake":3,
		"shootSound":"laser",
		"bullet":{
	"type": "LaserBulletType",	
	"damage":270,
	"sideAngle":135,
	"sideWidth":1,
	"sideLength":88,
	"status":"绝判",
   	"statusDuration":60,
	"smokeEffect": "bigShockwave",
	"width":16,	 "length":335	}},
	{	"name": "重堂2",	
	"reload": 40,
	"x": 34,  "y": 45,
	"shootY":9,
	"rotate": true,
	"rotateSpeed":3,
	"inaccuracy": 0,
	"alternate": true,
	"shake":3,
	"shootSound":"laser",
	"bullet":{
"type": "LaserBulletType",	
"damage":270,
"sideAngle":135,
"sideWidth":1,
"sideLength":88,
"status":"绝判",
   "statusDuration":60,
"smokeEffect": "bigShockwave",
"width":16,	 "length":335	}},

		{"name":"重堂3",
		"type":"PointDefenseWeapon",
		"x":12,"y":-18,
		"rotate": true,
		"recoil":0,
		"rotateSpeed":9,
		"reload":1.5,
		"targetInterval":1,
		"targetSwitchInterval":1,
		"bullet":{
		"speed": 24,"lifetime": 10,
		"shootEffect":"sparkShoot",
		"hitEffect":"pointHit",
		"maxRange":240,
		"damage":2}},
		{"name":"重堂3",
		"type":"PointDefenseWeapon",
		"x":18,"y":-12,
		"rotate": true,
		"recoil":0,
		"rotateSpeed":9,
		"reload":1.5,
		"targetInterval":1,
		"targetSwitchInterval":1,
		"bullet":{
		"speed": 24,"lifetime": 10,
		"shootEffect":"sparkShoot",
		"hitEffect":"pointHit",
		"maxRange":240,
		"damage":2}},
		{"name":"重堂3",
		"type":"PointDefenseWeapon",
		"x":22,"y":-24,
		"rotate": true,
		"recoil":0,
		"rotateSpeed":9,
		"reload":1.5,
		"targetInterval":1,
		"targetSwitchInterval":1,
		"bullet":{
		"speed": 24,"lifetime": 10,
		"shootEffect":"sparkShoot",
		"hitEffect":"pointHit",
		"maxRange":240,
		"damage":2}},
		{"name":"重堂3",
		"type":"PointDefenseWeapon",
		"x":24,"y":-22,
		"rotate": true,
		"recoil":0,
		"rotateSpeed":9,
		"reload":1.5,
		"targetInterval":1,
		"targetSwitchInterval":1,
		"bullet":{
		"speed": 24,"lifetime": 10,
		"shootEffect":"sparkShoot",
		"hitEffect":"pointHit",
		"maxRange":240,
		"damage":2}}
	]
}