{
	"type": "PowerTurret",
	"name": "镇暴",
	"description": "震暴指定区域附近所有敌人，使其失去行动能力4秒",
	"health": 1300,
	"size":3,
	"reloadTime": 300,
	"canOverdrive": false,
	"shootSound":"200炮",
	"shootShake":4,
	"range": 400,
	"restitution":0.01,
	"recoil": 80,
	"inaccuracy": 0,
	"rotateSpeed": 5,
	"powerUse": 10,
	"shootType": {
	"type":"PointBulletType",
	"speed": 25,	
	"trailEffect": "none",
	"hitTiles":false,
	"lifetime":1800,
	"status":"freezing",
	"statusDuration":600,
	"shootEffect": "shootBig2",
	"splashDamageRadius":80,
	"splashDamage":3,
    "hitEffect":"smokeCloud",
    "despawnEffect":"smokeCloud",
    "fragBullet":{
"type":"PointBulletType",
"trailEffect": "none",
"despawnEffect":"bigShockwave",
"speed":10,"lifetime":8,	   
"splashDamage":3,
"splashDamageRadius":80,
"collides":false,
"status":"unmoving",
"statusDuration":240
}  },
	"requirements": [
		{ "item": "copper", "amount": 150},
		{ "item": "graphite", "amount":130},
		{ "item": "titanium", "amount": 70},
		{ "item": "silicon", "amount": 90},
		{ "item": "一级协议", "amount": 100}	
	],
	"category": "effect",
	"research": "实验室"
}