{
	"type": "PowerTurret",
	"name": "雷暴",
	"description": "改变指定地点气象状况，造成短时间的雷暴
	无火控系统，需要手动操控",
	"health": 1300,
	"size":3,
	"reloadTime": 600,
	"canOverdrive": false,
	"shootSound":"instShoot",
	"shootShake":4,
	"targetGround":false,
	"targetAir":false,
	"range": 4000,
	"restitution":0.01,
	"recoil": 80,
	"inaccuracy": 0,
	"rotateSpeed": 5,
	"powerUse": 10,
	"shootType": {
	"type":"PointBulletType",
		"speed": 500,
		"lifetime":18,
		"damage":5,	
		"trailEffect": "none",
		"shootEffect": "bigShockwave",
        "hitEffect":"smokeCloud",
        "despawnEffect":"smokeCloud", 
    "fragBullets":15,
    "fragBullet":{
"type":"BasicBulletType",
"trailEffect": "none",
"splashDamageRadius":25,
"splashDamage":16,
"lightningDamage":125,
"lightning":3,
"lightningLength":10,
"speed":40,"lifetime":6,
"hitEffect":"smokeCloud",  
"despawnEffect":"smokeCloud",
    "fragBullets":1,
    "fragBullet":{
"type":"BasicBulletType",
"trailEffect": "none",
"splashDamageRadius":25,
"splashDamage":16,
"lightningDamage":125,
"lightning":3,
"lightningLength":10,
"speed":16,"lifetime":6,
"hitEffect":"smokeCloud",  
"despawnEffect":"smokeCloud",
    "fragBullets":1,
    "fragBullet":{
"type":"BasicBulletType",
"trailEffect": "none",
"splashDamageRadius":25,
"splashDamage":16,
"lightningDamage":125,
"lightning":3,
"lightningLength":10,
"speed":16,"lifetime":6,
"hitEffect":"smokeCloud",  
"despawnEffect":"smokeCloud",
    "fragBullets":1,
    "fragBullet":{
"type":"BasicBulletType",
"trailEffect": "none",
"splashDamageRadius":25,
"splashDamage":16,
"lightningDamage":125,
"lightning":3,
"lightningLength":10,
"speed":16,"lifetime":6,
"hitEffect":"smokeCloud",  
"despawnEffect":"smokeCloud",
    "fragBullets":1,
    "fragBullet":{
"type":"BasicBulletType",
"trailEffect": "none",
"splashDamageRadius":25,
"splashDamage":16,
"lightningDamage":125,
"lightning":3,
"lightningLength":10,
"speed":16,"lifetime":6,
"hitEffect":"smokeCloud",  
"despawnEffect":"smokeCloud",
    "fragBullets":1,
    "fragBullet":{
"type":"BasicBulletType",
"trailEffect": "none",
"splashDamageRadius":25,
"splashDamage":16,
"lightningDamage":125,
"lightning":3,
"lightningLength":10,
"speed":16,"lifetime":6,
"hitEffect":"smokeCloud",  
"despawnEffect":"smokeCloud",
    "fragBullets":1,
    "fragBullet":{
"type":"BasicBulletType",
"trailEffect": "none",
"splashDamageRadius":25,
"splashDamage":16,
"lightningDamage":125,
"lightning":3,
"lightningLength":10,
"speed":16,"lifetime":6,
"hitEffect":"smokeCloud",  
"despawnEffect":"smokeCloud",
    "fragBullets":1,
    "fragBullet":{
"type":"BasicBulletType",
"trailEffect": "none",
"splashDamageRadius":25,
"splashDamage":16,
"lightningDamage":125,
"lightning":3,
"lightningLength":10,
"speed":16,"lifetime":6,
"hitEffect":"smokeCloud",  
"despawnEffect":"smokeCloud",
    "fragBullets":1,
    "fragBullet":{
"type":"BasicBulletType",
"trailEffect": "none",
"splashDamageRadius":25,
"splashDamage":16,
"lightningDamage":125,
"lightning":3,
"lightningLength":10,
"speed":16,"lifetime":6,
"hitEffect":"smokeCloud",  
"despawnEffect":"smokeCloud",
    "fragBullets":1,
    "fragBullet":{
"type":"BasicBulletType",
"trailEffect": "none",
"splashDamageRadius":25,
"splashDamage":16,
"lightningDamage":125,
"lightning":3,
"lightningLength":10,
"speed":16,"lifetime":6,
"hitEffect":"smokeCloud",  
"despawnEffect":"smokeCloud"
    }}}}}}}}}}
    },
	"requirements": [
		{ "item": "lead", "amount": 330},
		{ "item": "silicon", "amount":350},
		{ "item": "硅钢", "amount": 180},
		{ "item": "thorium", "amount": 130},
		{ "item": "二级协议", "amount": 75}
	],
	"category": "effect",
	"research": "蚁巢"
}
