{
"type":"payload",
"payloadCapacity":576,
	"name": "工农",
	"description": "自动修复损坏的建筑并攻击靠近的敌人。发射瘫痪激光与纳米弹。支援友方单位。",
	"details":"工农武装割据！",
	"speed": 2.25,
	"drag":0.02,"accel":0.03,
	"rotateSpeed":2.5,
    "immunities":["electrified","干扰"],
	"ammoType":{
	"type":"PowerAmmoType",
	"totalPower":3000},
	"hitSize":28,
	"buildSpeed": 3.5,
	"buildBeamOffset":11,
	"flying": true,
	"faceTarget": true,
	"health": 2300,
	"armor":9,
	"engineOffset":16,
	"engineSize":3,
	"research": {
		"parent": "mega",
		"objectives": [
            {
				"type": "SectorComplete",
				"preset": "迫降区"
			}]},
    "mineSpeed":9,
    "mineTier":4,
    "isEnemy":true,
    "abilities": [
{ "type": "StatusFieldAbility",
    "duration": 30,
    "reload": 120,
    "range": 60,
    "applyEffect":"none",
    "activeEffect":{"type": "WaveEffect",
    "lifetime": 30,
    "sizeFrom":60,
    "sizeTo": 60,
    "strokeFrom": 1,
    "strokeTo": 0,
    "colorFrom": "97FFA8FF",
    "colorTo": "ffffff"},
    "effect":"修复"  }	  ],
	"weapons":[
	{	"name": "工农1",
	"reload": 20,
    "x": 9,  "y": -2,
    "shootY":6,
    "shoot": {
    "type": "ShootHelix",
	"mag": 2,"scl": 6 },
    "rotate": false,
    "alternate": false,
    "inaccuracy": 0,
    "layerOffset":-0.01,
	"shootSound": "lasershoot",
	"bullet":{
	"type":"BasicBulletType",
    "frontColor":"97FFA8FF",
    "backColor":"97FFA8FF",
	"healPercent":8,
	"status":"拆解",
	"statusDuration":10,
    "damage":12,
    "splashDamageRadius":20,
    "splashDamage": 26,
    "homingPower":0.5,
    "homingRange": 16,
    "trailLength": 3,
    "trailWidth": 1.5,
    "trailColor": "97FFA8FF",
	"sprite":"circle-bullet",
    "shrinkY":0,
	"hitEffect":{
"type": "MultiEffect",
	"effects": [
	{"type": "ParticleEffect",
    "particles": 3,
    "sizeFrom": 3,
    "sizeTo": 0,
    "length": 25,
    "baseLength": 0,
    "lifetime": 25,
    "colorFrom": "97FFA8ff",
    "colorTo": "97FFA890",
    "cone": 360},
    {"type": "WaveEffect",
    "lifetime": 15,
    "sizeFrom": 1,
    "sizeTo": 20,
    "strokeFrom": 4,
    "strokeTo": 0,
    "colorFrom": "97FFA8ff",
    "colorTo": "97FFA890"}]
	},
    "despawnEffect":"none",
    "collidesTeam":true,
    "speed":8, "lifetime":30,
    "width":6,"height":6	}	},
{	"name": "工农2",	
	"reload": 120,     
    "x": 0,  "y": 0,
    "shootY":12,
    "rotate": false,
	"top":false,
	"recoil":3.25,
    "inaccuracy": 0,   
	"mirror": false,
	"shootSound":"laser",
	"shake":2,
	"bullet":{
"type": "LaserBulletType",
"healPercent":16,
"recoil":1.4,
"damage":95,
"knockback":40,
"status":"干扰",
"statusDuration":60,
"collidesTeam":true,
"sideAngle":135,
"sideWidth":2,
"sideLength":45,
"shootEffect": "bigShockwave",
"colors":["7CF38990", "97FFA880", "FFFFFF"],
"width":15, "length":250
	}}
]}