{
	"type": "legs",
	"legCount":4,
    "legLength":9,
    "legForwardScl":0.6,
    "legMoveSpace":1.4,
    "hovering":true,
    "canDrown":false,
	"name": "攻城锤",
	"description": "向地面目标发射大口径榴弹炮，优秀机动底盘能够跨越大部分地形与水域。",
    "canBoost": false,
    "speed": 1.2,
    "hitSize": 12,
    "ammoCapacity": 15,
    "ammoType":"graphite",
    "targetAir":false,  
    "targetGround":true,
    "health": 1250,
    "armor": 5,
    "drag": 0.2,
    "rotateSpeed": 2.5,
    "itemCapacity": 50,
    "faceTarget": true,
	"research": "特种工厂",
	"weapons":[
	{	"name": "155火炮",
		"reload": 100, 
		"shootY": 15.5,
        "rotate": false, 
        "mirror":false,
        "alternate": false,
        "shootStatusDuration":110,
        "shootStatus":"slow",
    "x": 0,   "y": 0,
	"shake":2,
    "recoil":8, 
    "cooldownTime":120,
    "recoilTime":30,
	"ejectEffect":"casing4",
	"inaccuracy":1,
	"velocityRnd":0.1,
	"shootSound": "artillery",
	"bullet":{
	"type":"ArtilleryBulletType",
	"absorbable":false,
	"damage":90,
	"splashDamage":185,
	"splashDamageRadius":45, 
	"collides":false,
	"speed":5,
    "hitShake":5,
	"lifetime":80,
	"shootEffect": "shootBig",
    "width":15, "height":13,
    "hitEffect":"explosion",
    "despawnEffect":"flakExplosionBig",    
    "trailEffect":{ "type": "WaveEffect",
    "lifetime": 10,
    "sizeFrom": 0,
    "sizeTo": 19,
    "strokeFrom": 1,
    "strokeTo": 0,
    "colorFrom": "ffffff",
    "colorTo": "ffffff" }
		}	}
	]
}
