{
	"type": "naval",
	"name": "长弓",
	"description": "发射长程防空导弹，携带通用激光发射单元。对敌方海军单位发射高装药内爆鱼雷。机动性优良，快速清理空中单位，夺取制空权。",
	"speed":0.92,	
	"rotateSpeed":1.5,
	"ammoType":"graphite",
	"ammoCapacity": 600,
	"hitSize":43, 
    "trailLength":45,
    "waveTrailX":12,
    "waveTrailY":-23,
    "trailScl":3,
	"health": 3100,
	"armor":22,
	"range":456,
	"faceTarget": false,
	"research": {
		"parent": "特种工厂",
		"objectives": [
            {
				"type": "SectorComplete",
				"preset": "四面楚歌"
			}]},
	"weapons":[
	{"name":"长弓2",
	"x":6,"y":11,
	"rotate": true,
	"shootSound":"bolt",
	"recoil":1.2,
	"rotateSpeed":9,
    "reload":6,
    "bullet":{
		"type":"PointBulletType",
		"trailEffect": {
			"type": "ParticleEffect",
			"particles": 1,
			"sizeFrom": 1,
			"sizeTo": 0,
			"length": 0,
			"lifetime": 10,
			"interp": "circleOut",
			"sizeInterp": "pow10In",
			"colorFrom": "FEEBB3",
			"colorTo": "FEEBB380",
			"cone": 0
		},
		"trailSpacing": 2,
		"splashDamage":13,
		"splashDamageRadius":8,
		"status": "unmoving",
		"statusDuration": 6,
		"pierceArmor":true,
		"buildingDamageMultiplier":2.6,
		"speed":240, "lifetime":1,
		"hitSound":"none",
		"smokeEffect": "none",
		"shootEffect":{
			"type": "ParticleEffect",
			"particles": 1,
			"sizeFrom": 3,
			"sizeTo": 0,
			"length": 0,
			"baseLength": 0,
			"lifetime": 11,
			"colorFrom": "FEEBB3",
			"colorTo": "FEEBB3",
			"cone": 360},
		"hitEffect":{
		"type": "ParticleEffect",
		"particles": 1,
		"sizeFrom": 10,
		"sizeTo": 0,
		"length": 0,
		"baseLength": 0,
		"lifetime": 11,
		"colorFrom": "FEEBB3",
		"colorTo": "FEEBB3",
		"cone": 360},
		"despawnEffect":"none"}},
	{"name":"长弓2",
	"x":12,"y":0,
	"rotate": true,
	"shootSound":"bolt",
	"recoil":1.2,
	"rotateSpeed":9,
    "reload":8,
    "bullet":{
		"type":"PointBulletType",
		"trailEffect": {
			"type": "ParticleEffect",
			"particles": 1,
			"sizeFrom": 1,
			"sizeTo": 0,
			"length": 0,
			"lifetime": 10,
			"interp": "circleOut",
			"sizeInterp": "pow10In",
			"colorFrom": "FEEBB3",
			"colorTo": "FEEBB3",
			"cone": 0
		},
		"trailSpacing": 2,
		"splashDamage":18,
		"splashDamageRadius":8,
		"status": "崩溃",
		"statusDuration": 8,
		"pierceArmor":true,
		"buildingDamageMultiplier":2.6,
		"speed":200, "lifetime":1.5,
		"hitSound":"none",
		"smokeEffect": "none",
		"shootEffect":{
			"type": "ParticleEffect",
			"particles": 1,
			"sizeFrom": 3,
			"sizeTo": 0,
			"length": 0,
			"baseLength": 0,
			"lifetime": 11,
			"colorFrom": "FEEBB3",
			"colorTo": "FEEBB3",
			"cone": 360},
		"hitEffect":{
		"type": "ParticleEffect",
		"particles": 1,
		"sizeFrom": 10,
		"sizeTo": 0,
		"length": 0,
		"baseLength": 0,
		"lifetime": 11,
		"colorFrom": "FEEBB3",
		"colorTo": "FEEBB3",
		"cone": 360},
		"despawnEffect":"none"}},
	{"name":"长弓0",
		"x":0,"y":10,
		"shoot": {
			"type": "ShootBarrel",
			"barrels": [12,0,-35]},
		"reload":360,
		"shootCone":360,
		"controllable":false,
		"autoTarget":true,
		"shootSound":"mineDeploy",
		"ignoreRotation":true,
		"rotate": false,
		"inaccuracy":3,
		"bullet":{
		"damage": 378,
		"splashDamageRadius":77,
		"splashDamage": 470,
		"homingDelay":16,
		"homingRange": 160,
		"homingPower": 0.1,
		"pierceArmor":true,
		"hittable":false,
		"absorbable":false,
		"collidesAir":false,
		"collideFloor":true,
		"layer":50,
		"shootEffect":"none",
		"smokeEffect":"none",
	"hitEffect":{"type": "MultiEffect",
	"effects": [
	{"type": "ParticleEffect",
    "particles": 18,
    "interp": "pow10Out",
    "sizeInterp": "pow10In",
    "sizeFrom": 11,
    "sizeTo": 0,
    "length": 55,
    "baseLength": 23,
    "lifetime": 95,
    "colorFrom": "737373FF",
    "colorTo": "737373FF",
    "cone": 360},
	{"type": "ParticleEffect",
    "particles": 22,
    "interp": "pow10Out",
    "sizeInterp": "pow5In",
    "sizeFrom": 9,
    "sizeTo": 0,
    "length": 89,
    "baseLength": 0,
    "lifetime": 60,
    "colorFrom": "596ab8",
    "colorTo": "596ab890",
    "cone": 360},
	{"type": "ParticleEffect",
    "particles": 32,
    "line":true,
	"strokeFrom": 2,
    "strokeTo": 0,
    "lenFrom":44,
    "lenTo":0,
    "length": 63,
    "baseLength": 13,
    "lifetime": 15,
    "colorFrom": "FFFFFF",
    "colorTo": "FFE176FF",
    "cone": 360},
    {"type": "WaveEffect",
    "lifetime": 22,
    "sizeFrom": 1,
    "sizeTo": 78,
    "strokeFrom": 1,
    "strokeTo": 0,
    "colorFrom": "FFE176FF",
    "colorTo": "ffffff"}]},
	"despawnEffect":"none",
		"hitShake": 8,
		"hitSound":"explosionbig",
		"sprite":"missile-large",
		"trailLength":20,
		"trailWidth":1,
		"trailColor":"596ab890",
		"backColor":"596ab890",
		"frontColor":"E3E3E390", 
		"trailChance": 1,
		"trailInterval": 2,
		"trailEffect": {
			"type": "ParticleEffect",
			"particles": 3,
			"sizeFrom": 4,
			"sizeTo": 0,
			"length": -75,
			"lifetime": 85,
			"lightOpacity": 0.2,
			"interp": "circleOut",
			"sizeInterp": "pow10In",
			"colorFrom": "596ab880",
			"colorTo": "596ab860",
			"layer":50.1,
			"cone": 12
		},
		"trailRotation": true,
		"drag":-0.008,
		"width": 10,	"height": 28,
		"speed": 2.7,	"lifetime": 110 }},
{"name":"长弓0",
	"type":"PointDefenseWeapon",
	"x":4,"y":-17,
	"rotate": true,
	"recoil":0,
	"rotateSpeed":9,
    "reload":30,
    "targetInterval":30,
    "targetSwitchInterval":30,
    "bullet":{
	"speed": 20,"lifetime": 8,
    "shootEffect":"sparkShoot",
    "hitEffect":"pointHit",
    "maxRange":150,
    "damage":30}},
{"name":"长弓0",
	"type":"PointDefenseWeapon",
	"x":5,"y":4,
	"rotate": true,
	"recoil":0,
	"rotateSpeed":9,
    "reload":10,
    "targetInterval":10,
    "targetSwitchInterval":10,
    "bullet":{
	"speed": 20,"lifetime": 8,
    "shootEffect":"sparkShoot",
    "hitEffect":"pointHit",
    "maxRange":130,
    "damage":24}},
    
{"name":"长弓1",
	"mirror":false,
	"x":0,"y":-8,
	"xRand":6,
	"recoil":1,
	"shootY":8,
	"reload":18.44,
	"shoot": {
		"shots": 2,
		"shotDelay": 6},
	"shootCone":360,
	"shootSound":"missile",
	"rotateSpeed":6,
	"rotate": true,
	"inaccuracy":10,
	"controllable":false,
	"autoTarget":true,
	"bullet":{
	"type":"FlakBulletType",
	"damage": 37,	 
	"splashDamageRadius":45,
	"splashDamage":41,
	"homingDelay":30,
	"homingRange": 380,
	"homingPower": 0.2,
	"hitEffect":"flakExplosionBig",
	"despawnEffect":"none",
	"sprite": "饱和火力-导弹",
	"trailLength": 6,
	"trailWidth": 1,
	"trailChance": 1,
	"trailInterval": 6,
	"trailEffect": {
		"type": "ParticleEffect",
		"particles": 4,
		"sizeFrom": 2,
		"sizeTo": 1,
		"length": 30,
		"lifetime": 45,
		"lightOpacity": 0.2,
		"interp": "circleOut",
		"sizeInterp": "pow10In",
		"colorFrom": "ffffff",
		"colorTo": "78787870",
		"cone": 10
	},
	"trailRotation": true,
	"trailColor":"FFFFFF",
    "backColor":"FF5B5BFF",
    "frontColor":"E3E3E3",
	"drag":-0.01,
    "width": 12,	"height": 55,
	"speed": 6,	"lifetime": 66}}
	

	]
}