{
	"type": "flying",
	"name": "阔野",
	"description": "攻击附近所有敌人。发射巨型撞击炮弹和激光束。间歇性发射冲击束。配备空域静电场。",  
 	"details":"对敌战线越来越广阔，每次行动都会消耗大量物力，阔野的出现几乎解决了所有攻守难题",
	"ammoType":{
	"type":"PowerAmmoType",
	"totalPower":50000},
	"ammoCapacity": 2300,
    "speed": 0.8,
    "drag":0.06,
	"accel":0.08,
	"flying": true,
    "buildSpeed": 15,
	"buildBeamOffset":20,
	"engineOffset": 70,
	"engineSize": 20,
    "engines": [
        {	"x": -33,"y":-78,
        "radius": 12,"rotation": -20},
        {	"x": 33,"y": -78,
        "radius": 12,"rotation": -110}
        ],
    "hitSize": 150,
    "faceTarget": true,
    "lowAltitude":true,
    "health": 200000,
    "armor": 90,
    "range":800,
    "rotateSpeed": 0.8,
    "itemCapacity": 1100,
	"research": {
		"parent": "实验工厂",
		"objectives": [
            {
				"type": "SectorComplete",
				"preset": "风沙谷"
			},
			{
				"type": "SectorComplete",
				"preset": "第五战区"
			}]},
    "abilities": [
    {"type":"EnergyFieldAbility",
    "damage":75,
    "reload":100, 
    "range":360,
    "healPercent":0,
    "effectRadius":9,
    "sectors":8,
    "sectorRad":0.08, 
    "rotateSpeed":2,
    "color":"FEEBB3FF",
    "hitEffect":{"type": "ParticleEffect",
    "particles": 15,
    "line":true,
    "length": 85,
    "baseLength": 0,
    "lifetime": 15,
    "colorFrom": "ffffff",
    "colorTo": "FEEBB3FF",
    "cone": 360},
    "damageEffect":"chainLightning",
    "status":"slow",
    "shootSound":"spark",
    "statusDuration":360,
    "x": 0,  "y": 16, 
    "targetGround":false,
    "targetAir":true,
    "hitBuildings":false,
    "hitUnits":true,
    "maxTargets":80 },    
{"type":"ForceFieldAbility",
    "radius": 250,
    "regen": 38.333,
    "max": 70000,
    "cooldown": 1200}
    ],
  "weapons":[
    {"name":"阔野主炮",
	"reload": 560,
	"y": 30,	"x": 0,
	"mirror":false,
	"shootSound": "laserblast",
    "chargeSound":"lasercharge",
	"shake":20,
	"inaccuracy": 0,
	"shootStatusDuration":130,
	"shootStatus":"slow",
	"parentizeEffects":true,
    "continuous":true,
    "rotate": false,
	"shoot":{
		"type":"ShootPattern",
		"firstShotDelay":130
	},
	"bullet":{
	"type":"LaserBulletType",
	"lifetime":45,
    "length":700,
    "width":84,
    "splashDamage":3230,
    "splashDamageRadius":80,
    "largeHit":true,
    "sideAngle":30,
    "sideWidth":2,
    "sideLength":60,
	"shootEffect":{"type": "ParticleEffect",
    "particles": 15,
    "strokeFrom": 15,
    "strokeTo": 0,
    "lenFrom": 45,
    "lenTo": 0,
    "line":true,
    "length": 240,
    "baseLength": 45,
    "lifetime": 120,
    "colorFrom": "FEEBB3FF",
    "colorTo": "FEEBB3FF",
    "cone": 60},
	"smokeEffect":"bigShockwave",
	"despawnEffect":"none",
    "chargeEffect":{
        "type": "MultiEffect",
        "effects": [
        {"type": "ParticleEffect",
        "particles": 1,
        "sizeFrom": 1,
        "sizeTo": 20,
        "length": 0,
        "baseLength": 0,
        "lifetime": 130,
        "colorFrom": "ffffff",
        "colorTo": "FEEBB3FF",
        "cone": 360},
        {"type": "WaveEffect",
        "lifetime": 26,
        "sizeFrom": 280,
        "sizeTo": 0,
        "strokeFrom":0,
        "strokeTo":4,
        "colorFrom":"FEEBB300",
        "colorTo": "FEEBB3FF"},
        {"type": "WaveEffect",
        "lifetime": 26,
        "sizeFrom": 280,
        "sizeTo": 0,
        "strokeFrom":0,
        "strokeTo":4,
        "startDelay":26,
        "colorFrom":"FEEBB300",
        "colorTo": "FEEBB3FF"},
        {"type": "WaveEffect",
        "lifetime": 26,
        "sizeFrom": 280,
        "sizeTo": 0,
        "strokeFrom":0,
        "strokeTo":4,
        "startDelay":52,
        "colorFrom":"FEEBB300",
        "colorTo": "FEEBB3FF"},
        {"type": "WaveEffect",
        "lifetime": 26,
        "sizeFrom": 280,
        "sizeTo": 0,
        "strokeFrom":0,
        "strokeTo":4,
        "startDelay":78,
        "colorFrom":"FEEBB300",
        "colorTo": "FEEBB3FF"},
        {"type": "WaveEffect",
        "lifetime": 26,
        "sizeFrom": 280,
        "sizeTo": 0,
        "strokeFrom":0,
        "strokeTo":4,
        "startDelay":104,
        "colorFrom":"FEEBB300",
        "colorTo": "FEEBB3FF"}
    ]},
    "status":"崩溃",
	"statusDuration":600,
    "incendChance":1,
    "incendSpread":40,
    "incendAmount":6,
    "colors":["FEEBB380", "FEEBB3FF", "FFFFFF"]}},
{	"name": "阔野副炮",
	"reload": 40,
    "x": 40,  "y": 96,
	"cooldownTime": 30,
    "rotate": false,
    "alternate":false,
    "inaccuracy": 0,
    "shootSound":"laser",
    "shootCone":3,
	"shake":8,
	"bullet":{ 
    "width":26,  "height":29,
    "pierceArmor":true,
    "damage":220,
    "splashDamage":216,
    "splashDamageRadius":88,
    "hitSize":50,
    "hitShake":12,
    "status":"崩溃",
	"statusDuration":120,
    "buildingDamageMultiplier":3,
    "speed":15, "lifetime":45,
    "recoil":0.2,
    "drag":-0.005,
	"knockback":24,
    "absorbable":false,
    "frontColor":"FFFFFF",	
    "backColor":"FEEBB3FF",
    "trailLength":8,
	"trailWidth":4.5,
    "trailColor":"FEEBB3FF", 
    "shrinkY":0,
    "trailChance":1,
    "trailInterval":16,
	"trailEffect": {
		"type": "ParticleEffect",
		"particles": 3,
		"length": 26,
		"baseLength": 8,
		"lifetime": 65,
		"cone": 360,
		"colorFrom": "FEEBB3A0",
		"colorTo": "FEEBB300",
		"sizeFrom": 1,
		"sizeTo": 15
		},
	"hitEffect":{"type": "MultiEffect",
	"effects": [
	{"type": "ParticleEffect",
    "particles": 29,
    "sizeFrom": 15,
    "sizeTo": 0,
    "length": 20,
    "baseLength": 68,
    "lifetime": 45,
    "colorFrom": "FEEBB380",
    "colorTo": "ffffff",
    "cone": 360},
    {"type": "ParticleEffect",
        "particles": 72,
        "line": true,
        "strokeFrom": 10,
        "strokeTo": 0,
        "lenFrom": 30,
        "lenTo": 0,
        "length": 203,
        "baseLength": 30,
        "lifetime": 30,
        "colorFrom": "FEEBB3FF",
        "colorTo": "FEEBB3FF",
        "cone": 360},
    {"type": "WaveEffect",
    "lifetime": 25,
    "sizeFrom": 2,
    "sizeTo": 90,
    "strokeFrom":8,
    "strokeTo":0,
    "colorFrom":"FEEBB3FF",
    "colorTo": "FEEBB3FF"}]},
    "smokeEffect": "smokeCloud",
    "hitSound":"explosionbig",
    "despawnEffect":"bigShockwave"
	}},
{"name":"阔野导弹",
    "x":0,"y":16,
	"inaccuracy": 360,
	"shoot":{
	    "shots":5,
	    "shotDelay":8},
	"shootCone":360,
	"shootSound":"missile",
	"rotate": false,
	"reload":100,
    "controllable":false,
	"autoTarget":true,
"bullet":{
	"height": 45,"width":16,
	"damage":120,
    "absorbable":false,
	"drag":-0.003,
    "shrinkY":0,
	"homingPower":0.07,
    "homingRange": 1260,
	"speed":5,"lifetime":120,
	"splashDamageRadius":185,
    "splashDamage":95,
	"status":"unmoving",
	"statusDuration":10,
    "frontColor":"FFFFFF",	
    "backColor":"FEEBB3FF",
    "trailLength":46,
	"trailWidth":2,
    "trailColor":"FEEBB3FF", 
    "shootEffect":
{"type": "ParticleEffect",
    "particles": 12,
    "sizeFrom": 6,"sizeTo": 0,
    "length": 45,"baseLength": 9,
    "lifetime": 45,
    "colorFrom": "FEEBB3FF",
    "colorTo": "ffffff",
    "cone": 360},
    "smokeEffect": "bigShockwave",
	"hitSound":"plasmaboom",
	"despawnEffect":"none",
	"hitEffect":{"type":"MultiEffect",
	"effects": [
	{"type": "ParticleEffect",
    "particles": 15,
    "sizeFrom": 9,"sizeTo": 0,
    "length": 150,
    "baseLength":35,
    "lifetime": 15,
    "colorFrom": "FEEBB3FF",
    "colorTo": "ffffff",
    "cone": 360},
    {"type": "WaveEffect",
    "lifetime": 13,
    "sizeFrom": 2,"sizeTo": 185,
    "strokeFrom":9,"strokeTo":0,
    "colorFrom":"FEEBB3FF",
    "colorTo": "FEEBB3FF"}]}
    }},
{   "name":"阔野融毁",
    "mirror":false,
    "top":false,
    "shake":8,
    "rotate":true,
    "rotateSpeed":2,
    "x":0,"y":16,
    "shoot":{
    "type":"ShootPattern",
    "firstShotDelay":20
        },  
    "reload":130,
    "controllable":false,
	"autoTarget":true,
    "chargeSound":"lasercharge2",
    "shootSound":"laserblast",
    "continuous":true,
    "cooldownTime":200,
    "bullet":{
    "type":"ContinuousLaserBulletType",
    "damage":960,
	"knockback":4.5,
    "status":"melting",
	"statusDuration":600,
    "width":6,"length":630,
    "colors":["FEEBB390", "FEEBB380", "FEEBB3FF"],
    "hitEffect":{"type": "ParticleEffect",
    "particles": 15,
    "sizeFrom": 9,
    "sizeTo": 0,
    "line":true,
    "length": 85,
    "baseLength": 0,
    "lifetime": 25,
    "colorFrom": "ffffff",
    "colorTo": "FEEBB3FF",
    "cone": 80},
    "lifetime":60,
    "shake":9,
    "despawnEffect":"smokeCloud",
    "smokeEffect":"none",
    "chargeEffect":{"type": "WaveEffect",
    "lifetime": 20,
    "sizeFrom": 130,
    "sizeTo": 0,
    "strokeFrom": 1,
    "strokeTo": 9,
    "colorFrom": "FEEBB3FF",
    "colorTo": "FEEBB3FF"},
    "incendChance":1,
    "incendSpread":8,
    "incendAmount":1}},
    {"name":"点防1",
	"type":"PointDefenseWeapon",
	"x":0,"y":16,
	"rotate": true,
	"shootSound":"lasercharge2",
	"recoil":0,
	"rotateSpeed":99,
    "reload":10,
    "targetInterval":10,
    "targetSwitchInterval":10,
    "bullet":{
	"speed": 40,
	"lifetime": 10,
    "shootEffect":"none",
    "hitEffect":{"type": "ParticleEffect",
    "particles": 5,
    "line":true,
    "length": 85,
    "baseLength": 0,
    "lifetime": 25,
    "colorFrom": "ffffff",
    "colorTo": "FEEBB3FF",
    "cone": 50},
    "maxRange":360,"damage":120}},
    {"name":"阔野5",
	"reload": 70,  
    "x": 48,  "y": 48,
    "shootY":12,
	"shoot":{
	"shots":5,
	"shotDelay":6},
    "controllable":false,
	"autoTarget":true,
    "rotate":true,
    "rotateSpeed":5,
    "inaccuracy": 8,
    "shootSound":"laser",
	"shake":2,
	"bullet":{
	"damage":50,
	"length":280,
    "sapStrength":0.75,
    "width":1,
    "type":"SapBulletType",
    "despawnEffect":"none",
    "pierce":true,
    "color":"FEEBB3FF",
    "collides":false,
    "hitSize":0,
    "hittable":false,
    "hitEffect":"hitLiquid",
    "status":"melting",
    "lightColor":"FEEBB3FF",
    "lightOpacity":0.6,
    "statusDuration":60,
    "impact":true
	}},
    {"name":"阔野5",
	"reload": 60,
    "x": 40,  "y": -56, 
    "shootY":12,
	"shoot":{
	"shots":5,
	"shotDelay":6},
    "controllable":false,
	"autoTarget":true,
    "rotate":true,
    "rotateSpeed":5,
    "inaccuracy": 8,
    "shootSound":"laser",
	"shake":2,
	"bullet":{
	"damage":60,
	"length":280,
    "sapStrength":0.75,
    "width":1,
    "type":"SapBulletType",
    "despawnEffect":"none",
    "pierce":true,
    "color":"FEEBB3FF",
    "collides":false,
    "hitSize":0,
    "hittable":false,
    "hitEffect":"hitLiquid",
    "status":"melting",
    "lightColor":"FEEBB3FF",
    "lightOpacity":0.6,
    "statusDuration":60,
    "impact":true
	}}
    ]
}