{
	"type": "naval",
	"name": "参宿",
	"description": "发射'落雁'海空导弹和中程制导鱼雷。",
	"speed":1.2,	
	"rotateSpeed":3,
	"ammoType":"graphite",
	"ammoCapacity": 60,
    "trailLength":13,
    "waveTrailX":0,
    "waveTrailY":-3,
    "trailScl":1.2,
	"hitSize":10, 
	"health": 300,
	"armor":3,
	"faceTarget": false,
	"research": "risso",
	"weapons":[ 
{"name":"对空1",  
	"mirror":true,
	 "x":4,"y":-5,
	"reload":15,
	"shootCone":60,
	"shootSound":"missile",
	"rotate": true,
	"rotateSpeed":99,
	"inaccuracy":60,
	"bullet":{
	"type":"FlakBulletType",
	"damage": 5,	 
	"splashDamageRadius":24,
	"splashDamage":25,
"buildingDamageMultiplier":0.3,
	"homingRange": 350,
	"homingPower": 0.2,
"hitEffect":"flakExplosion",
"despawnEffect":"flakExplosion",
    "sprite":"饱和火力-落雁",  
    "trailLength":6,
	"trailWidth":1,
	"trailEffect":"none",
	"trailColor":"FFFFFF",
    "backColor":"FFFFFF",
    "frontColor":"E3E3E3",
    "width": 8,	"height": 45,
	"speed": 8,	"lifetime": 40}},
{"name":"鱼",
	"x":0,"y":0,
    "mirror":false,
	"reload":100,
	"shoot": {
        "shots": 3,
        "shotDelay": 3
    },
	"shootCone":30,
	"shootSound":"missile",
	"rotate": true,
	"rotateSpeed":99,
	"inaccuracy":0,
	"bullet":{
	"damage": 25,
	"splashDamageRadius":24,
	"splashDamage":35,
	"homingRange": 250,
	"homingPower": 0.1,
	"collidesAir":false,
	"shootEffect":"none",
	"smokeEffect":"none",
"hitEffect":"flakExplosionBig",
"despawnEffect":"flakExplosionBig",
    "sprite":"饱和火力-折戟",  
    "trailLength":6,
	"trailWidth":1,
	"trailColor":"1F4BA3FF",
    "backColor":"FFFFFF",
    "frontColor":"E3E3E3", 
    "drag":-0.01,
    "width": 8,	"height": 20,
	"speed": 6,	"lifetime": 40 }}
	]
}