{
	"type": "naval",
	"name": "北斗",
	"description": "发射'落雁'海空导弹，'折戟'反舰导弹。装载135mm'北极熊'火炮。",
	"speed":0.8,	
	"rotateSpeed":1.2,
	"ammoType":"graphite",
	"ammoCapacity": 120,
	"hitSize":16,  
	"trailLength":20,
    "waveTrailX":5.5,
    "waveTrailY":0,
    "trailScl":1.9,
	"health": 750,
	"armor":6, 
	"faceTarget": false,
	"research": "海1",
	"weapons":[ 
{	"name": "北极熊",	
	"reload": 35, 
    "x": 6,  "y": -1, 
    "rotate": true,
    "rotateSpeed":9,
    "mirror":true,
    "inaccuracy": 0,
	"shootSound": "artillery",
	"alternate": true,
	"ejectEffect":"casing2",
	"bullet":{
	"collidesAir":false,
	"damage":15,
    "speed":12,    "lifetime":24,
    "smokeEffect":"shootBig",
    "width":6,	 "height":18,
    "hitEffect":"explosion",
    "despawnEffect":"explosion"
	}},
{"name":"对空2",  
	"mirror":true,
	"x":0,"y":0,
	"reload":60,
	"shoot": {
        "shots": 2,
        "shotDelay": 5
    },
	"shootCone":60,
	"shootSound":"missile",
	"rotate": true,
	"rotateSpeed":99,
	"inaccuracy":60,
	"bullet":{
	"type":"FlakBulletType",
	"damage": 5,	 
	"splashDamageRadius":24,
	"splashDamage":25,
"buildingDamageMultiplier":0.3,
	"homingRange": 350,
	"homingPower": 0.2,
"hitEffect":"flakExplosion",
"despawnEffect":"flakExplosion",
    "sprite":"饱和火力-落雁",  
    "trailLength":7,
	"trailWidth":1,
	"trailEffect":"none",
	"trailColor":"FFFFFF",
    "backColor":"1F4BA3FF",
    "frontColor":"E3E3E3",
    "width": 8,	"height": 45,
	"speed": 8,	"lifetime": 46}},
{"name":"反舰2",
	"x":0,"y":0,
    "mirror":true,
	"reload":100,
	"shootCone":360,
	"shootSound":"missile",
	"rotate": true,
	"rotateSpeed":99,
	"inaccuracy":60,
	"bullet":{
	"type":"MissileBulletType",
	"damage": 30,
	"splashDamageRadius":24,
	"splashDamage":40,
"buildingDamageMultiplier":0.5,
	"homingRange": 250,
	"homingPower": 0.1,
	"collidesAir":false,
"hitEffect":"flakExplosionBig",
"despawnEffect":"flakExplosionBig",
    "sprite":"饱和火力-折戟",  
    "trailLength":7,
	"trailWidth":1,
	"trailEffect":"none",
	"trailColor":"FFFFFF",
    "backColor":"1F4BA3FF",
    "frontColor":"E3E3E3", 
    "drag":-0.01,
    "width": 8,	"height": 45,
	"speed": 6,	"lifetime": 48 }}
	]
}