{
	"type": "naval",
	"name": "罗星",
	"description": "发射'落雁Ⅲ'海空导弹，'折戟Ⅲ'反舰导弹，'干戚Ⅲ'弹道导弹。装载105mm'游牧'火炮。",
	"speed":0.8,	
	"rotateSpeed":1,
	"ammoType":"blast-compound",
	"ammoCapacity": 600,
	"hitSize":24, 
    "trailLength":26,
    "waveTrailX":8,
    "waveTrailY":-8,
    "trailScl":1.5,
	"health": 1850,
	"armor":8, 
	"faceTarget": false,
	"research": "海2",
	"weapons":[ 
{	"name": "游牧",	
	"reload": 15, 
    "x": 7,  "y": -4.5, 
    "shootY":6,
    "rotate": true,
    "rotateSpeed":9,
    "mirror":true,
    "inaccuracy": 0,
	"shootSound": "shootBig",
	"alternate": true,
	"ejectEffect":"casing3",
	"bullet":{
	"collidesAir":false,
	"damage":25,
	"splashDamageRadius":25,
	"splashDamage":45,
    "speed":12,    "lifetime":28,
    "smokeEffect":"shootBig",
    "width":8,	 "height":18,
    "hitEffect":"explosion",
    "despawnEffect":"explosion"
	}},
{"name":"对空",  
	"mirror":true,
	"x":0,"y":-10,
	"reload":360,
	"shoot": {
        "shots": 3,
        "shotDelay": 5
    },
	"shootCone":60,
	"shootSound":"missile",
	"rotate": true,
	"rotateSpeed":99,
	"inaccuracy":60,
	"bullet":{
	"type":"FlakBulletType",
	"damage": 11,	 
	"splashDamageRadius":24,
	"splashDamage":39,
"buildingDamageMultiplier":0.3,
	"homingRange": 420,
	"homingPower": 0.2,
"hitEffect":"flakExplosion",
"despawnEffect":"flakExplosion",
    "sprite":"饱和火力-落雁",  
    "trailLength":8,
	"trailWidth":1,
	"trailEffect":"none",
	"trailColor":"FFFFFF",
    "backColor":"FF5B5BFF",
    "frontColor":"E3E3E3",
    "width": 8,	"height": 45,
	"speed": 8,	"lifetime": 52}},
{"name":"对空",  
	"mirror":true,
	"x":8,"y":10,
	"reload":300,
	"shoot": {
        "shots": 3,
        "shotDelay": 5
    },
	"shootCone":60,
	"shootSound":"missile",
	"rotate": true,
	"rotateSpeed":99,
	"inaccuracy":60,
	"bullet":{
	"type":"FlakBulletType",
	"damage": 11,	 
	"splashDamageRadius":24,
	"splashDamage":39,
"buildingDamageMultiplier":0.3,
	"homingRange": 420,
	"homingPower": 0.2,
"hitEffect":"flakExplosion",
"despawnEffect":"flakExplosion",
    "sprite":"饱和火力-落雁",  
    "trailLength":8,
	"trailWidth":1,
	"trailEffect":"none",
	"trailColor":"FFFFFF",
    "backColor":"FF5B5BFF",
    "frontColor":"E3E3E3",
    "width": 8,	"height": 45,
	"speed": 8,	"lifetime": 52}},
{"name":"对空",  
	"mirror":true,
	"x":-8,"y":10,
	"reload":300,
	"shoot": {
        "shots": 3,
        "shotDelay": 5
    },
	"shootCone":60,
	"shootSound":"missile",
	"rotate": true,
	"rotateSpeed":99,
	"inaccuracy":60,
	"bullet":{
	"type":"FlakBulletType",
	"damage": 11,	 
	"splashDamageRadius":24,
	"splashDamage":39,
"buildingDamageMultiplier":0.3,
	"homingRange": 420,
	"homingPower": 0.2,
"hitEffect":"flakExplosion",
"despawnEffect":"flakExplosion",
    "sprite":"饱和火力-落雁",  
    "trailLength":8,
	"trailWidth":1,
	"trailEffect":"none",
	"trailColor":"FFFFFF",
    "backColor":"FF5B5BFF",
    "frontColor":"E3E3E3",
    "width": 8,	"height": 45,
	"speed": 8,	"lifetime": 52}},
{"name":"反舰3",
	"x":-10,"y":0,
    "mirror":false,
	"reload":90,
	"shootCone":360,
	"shootSound":"missile",
	"rotate": true,
	"rotateSpeed":99,
	"inaccuracy":60,
	"bullet":{
	"type":"MissileBulletType",
	"damage": 75,
	"splashDamageRadius":30,
	"splashDamage":55,
"buildingDamageMultiplier":0.5,
	"homingRange": 340,
	"homingPower": 0.1,
	"collidesAir":false,
"hitEffect":"flakExplosionBig",
"despawnEffect":"flakExplosionBig",
    "sprite":"饱和火力-折戟",  
    "trailLength":8,
	"trailWidth":1,
	"trailEffect":"none",
	"trailColor":"FFFFFF",
    "backColor":"FF5B5BFF",
    "frontColor":"E3E3E3", 
    "drag":-0.01,
    "width": 8,	"height": 45,
	"speed": 6,	"lifetime": 56 }},
{"name":"反舰3",
	"x":10,"y":0,
    "mirror":false,
	"reload":90,
	"shootCone":360,
	"shootSound":"missile",
	"rotate": true,
	"rotateSpeed":99,
	"inaccuracy":60,
	"bullet":{
	"type":"MissileBulletType",
	"damage": 75,
	"splashDamageRadius":30,
	"splashDamage":55,
"buildingDamageMultiplier":0.5,
	"homingRange": 340,
	"homingPower": 0.1,
	"collidesAir":false,
"hitEffect":"flakExplosionBig",
"despawnEffect":"flakExplosionBig",
    "sprite":"饱和火力-折戟",  
    "trailLength":8,
	"trailWidth":1,
	"trailEffect":"none",
	"trailColor":"FFFFFF",
    "backColor":"FF5B5BFF",
    "frontColor":"E3E3E3", 
    "drag":-0.01,
    "width": 8,	"height": 45,
	"speed": 6,	"lifetime": 56 }},
{"name":"攻城1",
	"x":10,"y":-6,
    "mirror":false,
	"reload":135,
	"shoot": {
        "shots": 2,
        "shotDelay": 10
    },
	"shootCone":3,
	"shootSound":"missile",
	"rotate": true,
	"rotateSpeed":99,
	"inaccuracy":3,
	"bullet":{
	"type":"ArtilleryBulletType",
	"splashDamageRadius":35,
	"splashDamage":40,
	"status":"blasted",
   	"statusDuration":60,
"buildingDamageMultiplier":1.5,
"hitEffect":"flakExplosionBig",
"despawnEffect":"flakExplosionBig",
    "sprite":"饱和火力-导弹",  
    "trailLength":7,
	"trailWidth":1,
	"trailEffect":"none",
	"trailColor":"FFFFFF",
    "backColor":"FF5B5BFF",
    "frontColor":"E3E3E3", 
    "width": 8,	"height": 45,
	"speed": 3,	"lifetime": 120 }},
{"name":"攻城1",
	"x":-10,"y":-6,
    "mirror":false,
	"reload":135,
	"shoot": {
        "shots": 2,
        "shotDelay": 10
    },
	"shootCone":3,
	"shootSound":"missile",
	"rotate": true,
	"rotateSpeed":99,
	"inaccuracy":3,
	"bullet":{
	"type":"ArtilleryBulletType",
	"splashDamageRadius":35,
	"splashDamage":40,
	"status":"blasted",
   	"statusDuration":60,
"buildingDamageMultiplier":1.5,
"hitEffect":"flakExplosionBig",
"despawnEffect":"flakExplosionBig",
    "sprite":"饱和火力-导弹",  
    "trailLength":7,
	"trailWidth":1,
	"trailEffect":"none",
	"trailColor":"FFFFFF",
    "backColor":"FF5B5BFF",
    "frontColor":"E3E3E3", 
    "width": 8,	"height": 45,
	"speed": 3,	"lifetime": 120 }}
	
	]
}