{
	"type": "naval",
	"name": "玄冥",
	"description": "发射'神龙'弹道导弹，'落雁Ⅳ'海空导弹，'折戟Ⅳ'反舰导弹。装载'巨灵'撞击炮。",
	"speed":0.6,	
	"rotateSpeed":0.43,
	"ammoType":"surge-alloy",
	"ammoCapacity": 1200,
	"hitSize":60, 
    "trailLength":70,
    "waveTrailX":20,
    "waveTrailY":-24,
    "trailScl":2.8,
	"health": 42600,
	"armor":14, 
	"faceTarget": false,
	"research": "海4",
	"weapons":[
{"name":"神龙",
	"x":0,"y":16,
    "mirror":false,
	"reload":600,
	"shootSound":"missileLarge",
	"rotate": true,
	"rotateSpeed":99,
	"cooldownTime": 100,
	"inaccuracy":0,
	"recoil":0,
	"bullet":{
	"type":"BasicBulletType",
	"damage":700,
	"collides":false,
    "hittable":false,
    "absorbable":false,
    "incendAmount": 75,
    "incendSpread": 160,
    "incendChance": 1,
"hitEffect":{
        "type": "WaveEffect",
        "lifetime": 40,
        "sizeFrom": 40,
        "sizeTo": 480,
        "strokeFrom":30,
        "strokeTo": 0,
        "colorFrom": "EEC591",
        "colorTo": "ffffffff"
	   },
"despawnEffect":  {     
    "type": "ParticleEffect",
    "particles": 1,
    "sizeFrom": 380,
    "sizeTo": 0,
    "length": 0,
    "baseLength": 0,
    "lifetime": 100,
    "colorFrom": "EEC591",
    "colorTo": "ffffffff",
    "cone": 360
	   },
"shootEffect":{
	"type": "MultiEffect",
	"effects": [
{
"type": "ParticleEffect",
"particles": 22,
"interp":"fastSlow",
"sizeFrom":12,
"sizeTo":0,
"length": 105,
"baseLength": 0,
"lifetime": 103,
"colorFrom": "FEEBB3FF",
"colorTo": "ffffff",
"cone": 40
},
{
"type": "WaveEffect",
"lifetime": 10,
"sizeFrom": 0,
"sizeTo": 30,
"strokeFrom": 3,
"strokeTo": 0,
"colorFrom": "FEEBB3",
"colorTo": "ffffff"
}
	]
},
"smokeEffect": "bigShockwave",
"makeFire":true,
"pierce": true,
"pierceBuilding":true,
    "scaleLife": true,
    "sprite":"饱和火力-大导弹",
    "trailLength":35,
	"trailWidth":2,
	"trailEffect":"none",
	"trailColor":"FFFFFF",
    "backColor":"FF5B5BFF",
    "frontColor":"E3E3E3", 
    "width": 14,"height": 66,
	"speed": 3,	"lifetime": 200,
	"hitSound":"DBZ1",
	"fragBullets":1,
    "fragBullet":{
	"type":"BasicBulletType",
	"collides":false,
    "hittable":false,
    "absorbable":false,
	"makeFire":true,
	"pierce": true,
	"pierceBuilding":true,
	"splashDamageRadius":480,
	"splashDamage":2300,
	"instantDisappear":true,
	"hitSound":"DBZ1"
}
	}},
{"name":"对空3",  
	"mirror":true,
	"x":19,"y":15,
	"reload":60,
	"shoot": {
        "shots": 3,
        "shotDelay": 4
    },
	"shootCone":60,
	"shootSound":"missile",
	"rotate": true,
	"rotateSpeed":6,
	"inaccuracy":40,
	"xRand":6,
	"controllable":false,
	"autoTarget":true,
	"bullet":{
	"type":"FlakBulletType",
	"damage": 20,
	"splashDamageRadius":40,
	"splashDamage":65,
"buildingDamageMultiplier":0.3,
	"homingRange": 500,
	"homingPower": 0.2,
"hitEffect":"flakExplosionBig",
"despawnEffect":"flakExplosionBig",
    "sprite":"饱和火力-落雁",  
    "trailLength":9,	"trailWidth":1,
	"trailEffect":"none",
	"trailColor":"FFFFFF",
    "backColor":"FF5B5BFF",
    "frontColor":"E3E3E3",
    "width": 8,	"height": 45,
	"speed": 8,	"lifetime": 58}},
{"name":"对空3",  
	"mirror":true,
	"x":-24,"y":-11,
	"reload":60,
	"shoot": {
        "shots": 3,
        "shotDelay": 4
    },
	"shootCone":60,
	"shootSound":"missile",
	"rotate": true,
	"rotateSpeed":6,
	"inaccuracy":40,
	"xRand":6,
	"controllable":false,
	"autoTarget":true,
	"bullet":{
	"type":"FlakBulletType",
	"damage": 20,
	"splashDamageRadius":40,
	"splashDamage":65,
"buildingDamageMultiplier":0.3,
	"homingRange": 500,
	"homingPower": 0.2,
"hitEffect":"flakExplosionBig",
"despawnEffect":"flakExplosionBig",
    "sprite":"饱和火力-落雁",  
    "trailLength":9,	"trailWidth":1,
	"trailEffect":"none",
	"trailColor":"FFFFFF",
    "backColor":"FF5B5BFF",
    "frontColor":"E3E3E3",
    "width": 8,	"height": 45,
	"speed": 8,	"lifetime": 58}},
{"name":"反舰4",
	"x":-10,"y":-16,
    "mirror":false,
	"reload":50,
	"shootCone":360,
	"shootSound":"missile",
	"rotate": true,
	"rotateSpeed":99,
	"inaccuracy":60,
	"bullet":{
	"type":"MissileBulletType",
	"damage": 40,
	"splashDamageRadius":30,
	"splashDamage":85,
"buildingDamageMultiplier":0.5,
	"homingRange": 400,
	"homingPower": 0.1,
	"collidesAir":false,
"hitEffect":"flakExplosionBig",
"despawnEffect":"flakExplosionBig",
    "sprite":"饱和火力-折戟",  
    "trailLength":9,
	"trailWidth":1,
	"trailEffect":"none",
	"trailColor":"FFFFFF",
    "backColor":"FF5B5BFF",
    "frontColor":"E3E3E3", 
    "drag":-0.01,
    "width": 8,	"height": 45,
	"speed": 6,	"lifetime": 64 }},
{"name":"反舰4",
	"x":10,"y":-16,
    "mirror":false,
	"reload":50,
	"shootCone":360,
	"shootSound":"missile",
	"rotate": true,
	"rotateSpeed":99,
	"inaccuracy":60,
	"bullet":{
	"type":"MissileBulletType",
	"damage": 40,
	"splashDamageRadius":30,
	"splashDamage":85,
"buildingDamageMultiplier":0.5,
	"homingRange": 400,
	"homingPower": 0.1,
	"collidesAir":false,
"hitEffect":"flakExplosionBig",
"despawnEffect":"flakExplosionBig",
    "sprite":"饱和火力-折戟",  
    "trailLength":9,
	"trailWidth":1,
	"trailEffect":"none",
	"trailColor":"FFFFFF",
    "backColor":"FF5B5BFF",
    "frontColor":"E3E3E3", 
    "drag":-0.01,
    "width": 8,	"height": 45,
	"speed": 6,	"lifetime": 64 }},
	{"name":"巨灵",
	"x":0,"y":0,
	"shootY":8, 
	"shootX":11,
	"mirror":true,
	"alternate": false,
	"reload": 20,
	"rotate": true,
	"rotateSpeed": 6,
	"shootSound":"railgun",
	"inaccuracy": 0,
	"recoil":2,
	"shake":2,
	"bullet":{
	"height": 35,"width":5,
	"damage":170,
	"speed":10,"lifetime":48,
	"splashDamageRadius":45,
    "splashDamage":165,
	"buildingDamageMultiplier":3,
	"status":"崩溃",
    "statusDuration":400,
    "frontColor":"FEEBB3FF",
    "backColor":"FFFFFF",
    "trailLength":16,
	"trailWidth":1.5,
    "trailColor":"FEEBB3FF", 
    "smokeEffect": "bigShockwave",
	"hitSound":"plasmaboom",
	"despawnEffect":"instBomb",
	"hitEffect":"instBomb"}
	  }
	]
}