{
"name":"修复",
    "damage":-6,
	"healthMultiplier":1.5,
	"effectChance":0.3,
    "opposites": [
        "burning",
		"wet",
        "sapped",
		"freezing",
        "melting",
        "tarred",
        "muddy",
        "blasted",
        "corroded",
        "拆解",
        "油蚀"
	],
	"effect":{	"type": "ParticleEffect",
    "particles": 1,  
    "baseLength": 30,
    "length":-30,
    "lifetime": 30,
    "spin":6,
    "region":"饱和火力-三角形",
    "sizeFrom": 1,
    "sizeTo": 0,
    "colorFrom": "97FFA8",
    "colorTo": "97FFA8",
    "cone":360 }
}
