{
	"type": "tank",
	"name": "轰炸",
	"description": "攻击附近所有地面敌人。发射50枚温压弹。",
	"details":"射击时自动架起，注意敌远程导弹部队",
    "speed": 1.3,
    "hitSize": 20,
	"ammoType":"blast-compound",
    "ammoCapacity": 16,
    "targetAir":false,
    "squareShape":true,
    "omniMovement":false,
    "rotateMoveFirst":false,
    "health": 1850,
    "armor": 11,
    "rotateSpeed": 2,
    "itemCapacity": 45,
    "faceTarget": false,
	"research": "陆2",
	"weapons":[
	{	"name": "落星",	
		"reload":250, 
        "x": 0,  "y": -2,
        "rotate": true,
        "mirror":true,
        "alternate": false,
		"rotateSpeed":8,
        "shoot":{
            "shots":25,
            "shotDelay":6
        },
        "xRand":4,
        "inaccuracy": 6,
		"shootSound": "missile",
		"shootStatus": "unmoving",
		"shootStatusDuration": 200,
	    "velocityRnd":0.1,
	"bullet":{
    "type":"ArtilleryBulletType",
	"sprite":"饱和火力-导弹",
    "backColor":"FF7055",
    "frontColor":"E3E3E3",
    "width": 8,	"height": 45,
    "trailChance": 1,
    "trailInterval": 1,
    "trailEffect":{
        "type": "ParticleEffect",
        "particles": 2,
        "length": 0,
        "baseLength": 0,
        "lifetime": 35,
        "colorFrom": "E3E3E3",
        "colorTo": "E3E3E300",
        "sizeFrom": 2.3,
        "sizeTo": 3
    },
    "splashDamage":55,
    "splashDamageRadius":45,
    "buildingDamageMultiplier":2.33,
	"collides":false,
	"status":"blasted",
   	"statusDuration":60,
	"smokeEffect":"none",     
    "speed":12,
    "lifetime":41.6,
	"hitEffect":{"type": "MultiEffect",
        "effects": [
        {"type": "ParticleEffect",
        "particles": 8,
        "sizeFrom": 10,
        "sizeTo": 0,
        "length": 35,
        "baseLength": 33,
        "lifetime": 35,
        "colorFrom": "737373FF",
        "colorTo": "737373FF",
        "cone": 360},
        {"type": "ParticleEffect",
        "particles": 12,
        "line":true,
        "sizeFrom": 9,
        "sizeTo": 0,
        "length": 43,
        "baseLength": 3,
        "lifetime": 22,
        "colorFrom": "FFFFFF",
        "colorTo": "FFE176FF",
        "cone": 360},
        {"type": "ParticleEffect",
            "particles": 1,
            "sizeFrom": 0,
            "sizeTo": 45,
            "length": 0,
            "baseLength": 0,
            "lifetime": 10,
            "colorFrom": "FFFFFF80",
            "colorTo": "FFFFFF00",
            "cone": 360},
        {"type": "WaveEffect",
        "lifetime": 10,
        "sizeFrom": 0,
        "sizeTo": 45,
        "strokeFrom":3,
        "strokeTo": 0,
        "colorFrom": "FFFFFFFF",
        "colorTo": "FFFFFF00"}]},
    "despawnEffect":"flakExplosionBig"
	}
	}
	]
}
