{	"range": 720,
"rotateSpeed":3,
"canOverdrive": false,
"ammoTypes": {
"surge-alloy": {
"type":"PointBulletType",
"hitEffect": "instHit",
"smokeEffect": "smokeCloud",
		"trailEffect":{
	"type": "ParticleEffect",
    "particles": 1,  
    "baseLength": -8,
    "lifetime": 50,
    "line": true,
    "randLength": false,
    "lenFrom": 11,
    "lenTo":11,
    "strokeFrom": 7,
    "strokeTo": 0,
    "colorFrom": "FEEBB3FF",
    "colorTo": "FEEBB3FF",
    "cone":0 },
    "despawnEffect": "instBomb",
"trailSpacing": 8,
"damage":1450,
"hitShake": 6,
"ammoMultiplier":1,
"lightningDamage":40,
"lightning":7,  
"lightningLength":15,
"speed":100,"lifetime":75,
"shootEffect": "instShoot",
"buildingDamageMultiplier":0.3
},
"裂位能": {
"type":"PointBulletType",
    "shootEffect":{"type": "ParticleEffect",
    "particles": 15,
    "sizeFrom": 9,"sizeTo": 0,
    "length": 85,"baseLength": 9,
    "lifetime": 15,
    "colorFrom": "FEEBB3FF",
    "colorTo": "ffffff",
    "cone": 70},
    "despawnEffect":"none",
	"hitEffect":{"type":"MultiEffect",
	"effects": [
	{"type": "ParticleEffect",
    "particles": 15,
    "sizeFrom": 9,"sizeTo": 0,
    "length": 85,"baseLength": 9,
    "lifetime": 15,
    "colorFrom": "FEEBB3FF",
    "colorTo": "ffffff",
    "cone": 70},
    {"type": "WaveEffect",
    "lifetime": 10,
    "sizeFrom": 5,"sizeTo": 80,
    "strokeFrom":9,"strokeTo":0,
    "colorFrom":"FEEBB3FF",
    "colorTo": "FEEBB3FF"}]},    
    "hitSound":"plasmaboom",
"trailEffect": "chainLightning",
"trailSpacing": 20, 
"speed":100,"lifetime":75,
"buildingDamageMultiplier":0.5,
"reloadMultiplier":0.8,
"damage": "550",
"hitShake": 6,
"ammoMultiplier":1,
"fragBullets":15,
"fragBullet":{
	"hitEffect":{"type":"MultiEffect",
	"effects": [
	{"type": "ParticleEffect",
    "particles": 8,
    "sizeFrom": 6,"sizeTo": 0,
    "length": 55,"baseLength": 9,
    "lifetime": 15,
    "colorFrom": "FEEBB3FF",
    "colorTo": "ffffff",
    "cone": 40},
    {"type": "WaveEffect",
    "lifetime": 10,
    "sizeFrom": 6,"sizeTo": 50,
    "strokeFrom":6,"strokeTo":0,
    "colorFrom":"FEEBB3FF",
    "colorTo": "FEEBB3FF"}]},    
	"despawnEffect":"instBomb",
    "hitSound":"plasmaboom",
	"width":0,	"height":0,
	"damage":36,"collides":true,
	"splashDamageRadius":52,
	"splashDamage":55,	
    "lifetime":9,"speed":4,    "lightningDamage":15,    "lightning":3,    "lightningLength":6,
"fragRandomSpread":0,
"fragBullets":1,
"fragBullet":{
	"hitEffect":{"type":"MultiEffect",
	"effects": [
	{"type": "ParticleEffect",
    "particles": 8,
    "sizeFrom": 6,"sizeTo": 0,
    "length": 55,"baseLength": 9,
    "lifetime": 15,
    "colorFrom": "FEEBB3FF",
    "colorTo": "ffffff",
    "cone": 40},
    {"type": "WaveEffect",
    "lifetime": 10,
    "sizeFrom": 6,"sizeTo": 50,
    "strokeFrom":6,"strokeTo":0,
    "colorFrom":"FEEBB3FF",
    "colorTo": "FEEBB3FF"}]},    
	"despawnEffect":"instBomb",
    "hitSound":"plasmaboom",
	"width":0,	"height":0,
	"damage":36,"collides":true,
	"splashDamageRadius":52,
	"splashDamage":55,	
    "lifetime":9,"speed":4,    "lightningDamage":15,    "lightning":3,    "lightningLength":6,
"fragRandomSpread":0,
"fragBullets":1,
"fragBullet":{
	"hitEffect":{"type":"MultiEffect",
	"effects": [
	{"type": "ParticleEffect",
    "particles": 8,
    "sizeFrom": 6,"sizeTo": 0,
    "length": 55,"baseLength": 9,
    "lifetime": 15,
    "colorFrom": "FEEBB3FF",
    "colorTo": "ffffff",
    "cone": 40},
    {"type": "WaveEffect",
    "lifetime": 10,
    "sizeFrom": 6,"sizeTo": 50,
    "strokeFrom":6,"strokeTo":0,
    "colorFrom":"FEEBB3FF",
    "colorTo": "FEEBB3FF"}]},    
	"despawnEffect":"instBomb",
    "hitSound":"plasmaboom",
	"width":0,	"height":0,
	"damage":36,"collides":true,
	"splashDamageRadius":52,
	"splashDamage":55,	
    "lifetime":9,"speed":4,    "lightningDamage":15,    "lightning":3,    "lightningLength":6,
"fragRandomSpread":0,
"fragBullets":1,
"fragBullet":{
	"hitEffect":{"type":"MultiEffect",
	"effects": [
	{"type": "ParticleEffect",
    "particles": 8,
    "sizeFrom": 6,"sizeTo": 0,
    "length": 55,"baseLength": 9,
    "lifetime": 15,
    "colorFrom": "FEEBB3FF",
    "colorTo": "ffffff",
    "cone": 40},
    {"type": "WaveEffect",
    "lifetime": 10,
    "sizeFrom": 6,"sizeTo": 50,
    "strokeFrom":6,"strokeTo":0,
    "colorFrom":"FEEBB3FF",
    "colorTo": "FEEBB3FF"}]},    
	"despawnEffect":"instBomb",
    "hitSound":"plasmaboom",
	"width":0,	"height":0,
	"damage":36,"collides":true,
	"splashDamageRadius":52,
	"splashDamage":55,	
    "lifetime":9,"speed":4,    "lightningDamage":15,    "lightning":3,    "lightningLength":6,
"fragRandomSpread":0,
"fragBullets":1,
"fragBullet":{
	"hitEffect":{"type":"MultiEffect",
	"effects": [
	{"type": "ParticleEffect",
    "particles": 8,
    "sizeFrom": 6,"sizeTo": 0,
    "length": 55,"baseLength": 9,
    "lifetime": 15,
    "colorFrom": "FEEBB3FF",
    "colorTo": "ffffff",
    "cone": 40},
    {"type": "WaveEffect",
    "lifetime": 10,
    "sizeFrom": 6,"sizeTo": 50,
    "strokeFrom":6,"strokeTo":0,
    "colorFrom":"FEEBB3FF",
    "colorTo": "FEEBB3FF"}]},    
	"despawnEffect":"instBomb",
    "hitSound":"plasmaboom",
	"width":0,	"height":0,
	"damage":36,"collides":true,
	"splashDamageRadius":52,
	"splashDamage":55,	
    "lifetime":9,"speed":4,    "lightningDamage":15,    "lightning":3,    "lightningLength":6,
"fragRandomSpread":0,
"fragBullets":1,
"fragBullet":{
	"hitEffect":{"type":"MultiEffect",
	"effects": [
	{"type": "ParticleEffect",
    "particles": 8,
    "sizeFrom": 6,"sizeTo": 0,
    "length": 55,"baseLength": 9,
    "lifetime": 15,
    "colorFrom": "FEEBB3FF",
    "colorTo": "ffffff",
    "cone": 40},
    {"type": "WaveEffect",
    "lifetime": 10,
    "sizeFrom": 6,"sizeTo": 50,
    "strokeFrom":6,"strokeTo":0,
    "colorFrom":"FEEBB3FF",
    "colorTo": "FEEBB3FF"}]},    
	"despawnEffect":"instBomb",
    "hitSound":"plasmaboom",
	"width":0,	"height":0,
	"damage":36,"collides":true,
	"splashDamageRadius":52,
	"splashDamage":55,	
    "lifetime":9,"speed":4,    "lightningDamage":15,    "lightning":3,    "lightningLength":6,"fragRandomSpread":0
}}}}}}},
"泰勒合金": {
     "type":"PointBulletType",
		"shootEffect":{     
        "type": "WaveEffect",
        "lifetime": 10,
        "sizeFrom": 5,
        "sizeTo": 80,
        "strokeFrom": 3,
        "strokeTo": 0,
        "colorFrom": "BFFFDBFF",
        "colorTo": "25C9ABFF" },
        "despawnEffect":{     
    "type": "ParticleEffect",
    "particles": 15,
    "sizeFrom": 3,
    "sizeTo": 0,
    "length": 100,
    "baseLength": 0,
    "lifetime": 10,
    "colorFrom": "BFFFDBFF",
    "colorTo": "25C9ABFF",
    "cone": 60
	   },
		"hitEffect":{     
        "type": "WaveEffect",
        "lifetime": 20,
        "sizeFrom": 5,
        "sizeTo": 80,
        "strokeFrom": 3,
        "strokeTo": 0,
        "colorFrom": "BFFFDBFF",
        "colorTo": "25C9ABFF" },
"smokeEffect": "smokeCloud",
		"trailEffect":{
	"type": "ParticleEffect",
    "particles": 1,  
    "baseLength": -8,
    "lifetime": 50,
    "line": true,
    "randLength": false,
    "lenFrom": 11,
    "lenTo":11,
    "strokeFrom": 8,
    "strokeTo": 0,
    "colorFrom": "BFFFDBFF",
    "colorTo": "25C9ABFF",
    "cone":0 },
"trailSpacing": 10,
"hitShake": 6,
"speed":100,"lifetime":75,
"ammoMultiplier":1,
"hitSound":"DBZ1",
"splashDamageRadius":80,
"splashDamage":2350
}
}}