{
    "type": "ItemTurret",
    "name": "前狼",
    "description": "发射引导式地空火箭，确保摧毁目标。",
    "details": "放弃自主搜索系统，将战斗部装药量提升到一个可怖的水平。\n[red]完全依靠辅助制导",
    "health": 6000,
    "size": 6,
    "reload": 136,
    "range": 0,
    "maxAmmo": 36,
    "ammoPerShot": 6,
    "recoil": 0,
    "ammoUseEffect": "none",
    "canOverdrive": false,
    "minWarmup": 0.89,
    "shootWarmupSpeed": 0.05,
    "cooldownTime": 160,
    "heatColor": "FF705580",
    "drawer": {
        "type": "DrawMulti",
        "drawers": [
            {
                "type": "DrawTurret",
                "parts": [
    {"type":"RegionPart",
    "mirror":true,
    "x":12,"y":-4,
    "suffix":"-侧",
    "heatProgress": "warmup",
    "heatColor": "FF705580",
    "layer":50,
    "under":true,
    "moveX":8,
    "moveY":-2,
    "moveRot":-30
    },
    {"type":"RegionPart",
    "mirror":true,
    "x":10,"y":-2,
    "suffix":"-侧",
    "heatProgress": "warmup",
    "heatColor": "FF705580",
    "layer":50,
    "under":true,
    "moveX":8,
    "moveY":-2,
    "moveRot":-15
    },
    {"type":"RegionPart",
    "mirror":true,
    "x":8,"y":0,
    "suffix":"-侧",
    "heatProgress": "warmup",
    "heatColor": "FF705580",
    "layer":50,
    "moveX":8},
    {
        "type": "HaloPart",
        "progress": "warmup",
        "rotateSpeed": 0,
        "shapeRotation":180,
        "sides": 3,
        "shapes": 1,
        "color": "ffffff00",
        "colorTo":"FF705510",
        "tri": true,
        "radius": 0,
        "radiusTo": 80,
        "triLength": 0,
        "triLengthTo": 1340,
        "haloRadius": 1350,
        "haloRotation": 0,
        "haloRotateSpeed": 0,
        "layer": 110
        }
    ]}]},
    "shootY":0,
    "shoot":{
        "shots":3,
        "shotDelay":12,
        "type":"ShootBarrel",
        "barrels":[
            16,24,0,
            -26,21.18,15,
            26,21.18,-15,
            -35,16.78,30,
            35,16.78,-30,
            -16,24,0
        ]	},
    "consumes": {"power": 24},
    "shootSound": "missileLarge",
    "targetGround": false,
    "targetAir": false,
    "inaccuracy": 0,
    "shootCone": 120,
    "shake": 6,
    "rotateSpeed": 3,
    "ammoTypes": {
        "blast-compound": {
            "type": "FlakBulletType",
            "damage": 125,
            "splashDamageRadius": 135,
            "splashDamage": 560,
            "hitSize": 60,
            "shrinkY": 0,
            "hitSound": "explosionbig",
            "speed": 6,
            "weaveMag":1,
            "weaveScale":9,
            "drag":-0.005,
            "lifetime": 170,
            "status": "blasted",
            "statusDuration": 60,
            "homingDelay":45,
            "homingPower": 0.04,
            "homingRange": 240,
            "width": 26,
            "height": 96,
            "sprite": "饱和火力-大导弹",
            "backColor": "FF7055",
            "frontColor": "E3E3E3",
            "trailChance": 1,
            "trailInterval": 8,
            "trailEffect": {
                "type": "ParticleEffect",
                "particles": 2,
                "length": 30,
                "baseLength": 1,
                "lifetime": 55,
                "cone": 25,
                "interp": "circleOut",
                "colorFrom": "E3E3E3",
                "colorTo": "E3E3E300",
                "sizeFrom": 2.5,
                "sizeTo": 13
            },
			"trailRotation": true,
            "hitShake": 10,
            "ammoMultiplier": 2,
            "reloadMultiplier": 1,
            "shootEffect":{
                "type": "ParticleEffect",
                "particles": 4,
                "strokeFrom": 4,
                "strokeTo": 0,
                "line": true,
                "lenFrom": 20,
                "lenTo": 0,
                "length": 43,
                "baseLength": 0,
                "lifetime": 25,
                "colorFrom": "FFE176",
                "colorTo": "FFE176",
                "cone": 30
            },
            "smokeEffect":{
                "type": "ParticleEffect",
                "particles": 6,
                "sizeFrom": 10,
                "sizeTo": 0,
                "length": 63,
                "baseLength": 0,
                "interp": "circleOut",
                "sizeInterp": "pow5In",
                "lifetime": 65,
                "colorFrom": "FF8C00",
                "colorTo": "E3E3E3",
                "cone": 30
            },
            "hitEffect": {
            "type": "MultiEffect",
            "effects": [
            {
                "type": "ParticleEffect",
                "particles": 43,
                "sizeFrom": 23,
                "sizeTo": 0,
                "length": 140,
                "baseLength": 13,
                "lifetime": 65,
                "interp": "fastSlow",
                "colorFrom": "737373FF",
                "colorTo": "737373FF",
                "cone": 360
            },
            {
                "type": "ParticleEffect",
                "particles": 32,
                "strokeFrom": 3,
                "strokeTo": 0,
                "line": true,
                "lenFrom": 28,
                "lenTo": 0,
                "length": 153,
                "baseLength": 3,
                "lifetime": 15,
                "colorFrom": "FFFFFF",
                "colorTo": "FFE176FF",
                "cone": 360
            },
                    {
                        "type": "WaveEffect",
                        "lifetime": 12,
                        "sizeFrom": 1,
                        "sizeTo": 135,
                        "strokeFrom": 10,
                        "strokeTo": 0,
                        "colorFrom": "FFE176FF",
                        "colorTo": "ffffff"
                    }
                ]
            },
            "despawnEffect":"none"
        },
        "集束": {
            "type": "FlakBulletType",
            "damage": 75,
            "splashDamageRadius": 85,
            "splashDamage": 150,
            "hitSize":18,
            "shrinkY": 0,
            "hitSound": "explosionbig",
            "speed": 5.5,
            "weaveMag":0.5,
            "weaveScale":9,
            "drag":-0.002,
            "lifetime": 200,
            "status": "burning",
            "statusDuration": 600,
            "homingDelay":45,
            "homingPower": 0.04,
            "homingRange": 240,
            "width": 26,
            "height": 96,
            "sprite": "饱和火力-大导弹",
            "backColor": "D85555",
            "frontColor": "E3E3E3",
            "trailChance": 1,
            "trailInterval": 5,
            "trailEffect": {
                "type": "ParticleEffect",
                "particles": 1,
                "length": 45,
                "baseLength": 1,
                "lifetime": 55,
                "cone": 25,
                "interp": "circleOut",
                "colorFrom": "E3E3E3",
                "colorTo": "E3E3E300",
                "sizeFrom": 3,
                "sizeTo": 15
            },
			"trailRotation": true,
            "hitShake": 10,
            "ammoMultiplier": 2,
            "reloadMultiplier": 1,
            "shootEffect":{
                "type": "ParticleEffect",
                "particles": 4,
                "strokeFrom": 4,
                "strokeTo": 0,
                "line": true,
                "lenFrom": 23,
                "lenTo": 0,
                "length": 43,
                "baseLength": 0,
                "lifetime": 35,
                "colorFrom": "FFE176",
                "colorTo": "FFE176",
                "cone": 30
            },
            "smokeEffect":{
                "type": "ParticleEffect",
                "particles": 6,
                "sizeFrom": 10,
                "sizeTo": 0,
                "length": 63,
                "baseLength": 0,
                "interp": "circleOut",
				"sizeInterp": "pow5In",
                "lifetime": 65,
                "colorFrom": "FF8C00",
                "colorTo": "E3E3E3",
                "cone": 30
            },
            "hitEffect": {
            "type": "MultiEffect",
            "effects": [
            {
                "type": "ParticleEffect",
                "particles": 23,
                "sizeFrom": 35,
                "sizeTo": 0,
                "length": 80,
                "baseLength": 3,
                "lifetime": 65,
                "interp": "fastSlow",
                "colorFrom": "737373FF",
                "colorTo": "737373FF",
                "cone": 360
            },
            {
                "type": "WaveEffect",
                "lifetime": 15,
                "sizeFrom": 0,
                "sizeTo": 85,
                "strokeFrom": 8,
                "strokeTo": 0,
                "colorFrom": "FFE176FF",
                "colorTo": "ffffff"
            }
        ]},
            "despawnEffect":"none",
            "fragLifeMin": 0.1,
            "fragLifeMax": 1,
            "fragBullets": 15,
            "fragBullet": {
            "type": "FlakBulletType",
            "hitEffect": {
            "type": "MultiEffect",
            "effects": [
            {
                "type": "ParticleEffect",
                "particles": 23,
                "sizeFrom": 16,
                "sizeTo": 0,
                "length": 65,
                "baseLength": 12,
                "lifetime": 65,
                "interp": "fastSlow",
                "colorFrom": "737373FF",
                "colorTo": "737373FF",
                "cone": 360
            },
            {
                "type": "ParticleEffect",
                "particles": 22,
                "strokeFrom": 3,
                "strokeTo": 0,
                "line": true,
                "lenFrom": 24,
                "lenTo": 0,
                "length": 73,
                "baseLength": 3,
                "lifetime": 15,
                "colorFrom": "FFFFFF",
                "colorTo": "FFE176FF",
                "cone": 360
            },
                    {
                        "type": "WaveEffect",
                        "lifetime": 12,
                        "sizeFrom": 1,
                        "sizeTo": 62,
                        "strokeFrom": 6,
                        "strokeTo": 0,
                        "colorFrom": "FFE176FF",
                        "colorTo": "ffffff"
                    }
                ]
            },
            "collides": false,
            "despawnEffect": "none",
            "status": "blasted",
            "statusDuration": 60,
            "knockback": 1.7,
            "backColor": "D85555FF",
            "frontColor": "D85555FF",
            "width": 16,
            "height": 15,
            "damage":33,
            "splashDamageRadius": 60,
            "splashDamage": 65,
            "lifetime": 20,
            "speed": 10,
            "drag": 0.01
            }
        },
        "镄": {
            "type": "FlakBulletType",
            "damage": 760,
            "splashDamageRadius": 35,
            "splashDamage": 50,
            "hitSize": 35,
            "shrinkY": 0,
            "hitSound": "shotgun",
            "speed": 5,
            "drag":-0.02,
            "lifetime": 100,
            "status":"melting", 
            "statusDuration":180,
            "pierce":true,
            "pierceArmor":true,
            "pierceCap":2,
            "homingDelay":23,
            "homingPower": 0.07,
            "homingRange": 240,
            "width": 24,
            "height": 90,
            "sprite": "饱和火力-大导弹",
            "backColor": "DEDEDE",
            "frontColor": "E3E3E3",
            "trailChance": 1,
            "trailInterval": 1,
            "trailEffect": {
                "type": "ParticleEffect",
                "particles": 2,
                "length": -60,
                "baseLength": 1,
                "lifetime": 25,
                "cone": 25,
                "interp": "circleOut",
                "colorFrom": "E3E3E3",
                "colorTo": "E3E3E300",
                "sizeFrom": 2,
                "sizeTo": 13
            },
			"trailRotation": true,
            "hitShake": 10,
            "ammoMultiplier": 1,
            "reloadMultiplier": 1.5,
            "shootEffect":{
                "type": "ParticleEffect",
                "particles": 4,
                "strokeFrom": 4,
                "strokeTo": 0,
                "line": true,
                "lenFrom": 20,
                "lenTo": 0,
                "length": 55,
                "baseLength": 0,
                "lifetime": 15,
                "colorFrom": "FFE176",
                "colorTo": "FFE176",
                "cone": 60
            },
            "smokeEffect":{
                "type": "ParticleEffect",
                "particles": 6,
                "sizeFrom": 10,
                "sizeTo": 0,
                "length": 63,
                "baseLength": 0,
                "interp": "circleOut",
				"sizeInterp": "pow5In",
                "lifetime": 65,
                "colorFrom": "FF8C00",
                "colorTo": "E3E3E3",
                "cone": 30
            },
            "hitEffect": {
                "type": "ParticleEffect",
                "particles": 35,
                "strokeFrom": 4,
                "strokeTo": 0,
                "line": true,
                "lenFrom": 48,
                "lenTo": 0,
                "length": 83,
                "baseLength": 0,
                "lifetime": 10,
                "colorFrom": "FFFFFF",
                "colorTo": "FFE176FF",
                "cone": 50
            },
            "despawnEffect":"none"
        }
    },
    "requirements": [
        "thorium/1250",
        "silicon/350",
        "硅钢/250",
        "plastanium/330",
        "裂位能/80",
        "二级协议/1"
    ],
    "category": "turret",
    "research": {
        "parent": "方天",
        "objectives": [
            {
                "type": "SectorComplete",
                "preset": "风沙谷"
            }
        ]
    }
}