{
	"type": "ItemTurret",
	"name": "垂直发射系统",
	"description": "大范围防御的最佳选择。锁定多个目标并发射数枚导弹。可以配合逻辑处理器进行饱和式打击",
	"details":"请不要将其用作攻城武器，可能会发生危险。\n[red]不要往导弹发射井里灌液体！！！",
	"health": 1850,
	"size": 3,
	"reload":150,
	"range": 760,
    "maxAmmo":32,
	"recoil": 0,
    "shootY":0,
"minWarmup": 0.8,
"shootWarmupSpeed": 0.03,
"drawer": {
    "type": "DrawMulti",
    "drawers": [
        {
            "type": "DrawTurret",
            "parts": [
    {"type":"RegionPart",
    "mirror":false,
    "x":0,"y":0,
    "suffix":"-top",
    "layer":51,
    "moveX":0,
    "moveY":0,
    "moveRot":720
    },
    {"type":"RegionPart",
    "mirror":true,
    "x":8,"y":8,
    "suffix":"-1",
    "layer":50,
    "moveX":-8,
    "moveY":-8},
    {"type":"RegionPart",
    "mirror":true,
    "x":8,"y":-8,
    "suffix":"-2",
    "layer":50,
    "moveX":-8,
    "moveY":8},
    {"type":"RegionPart",
    "mirror":true,
    "x":8,"y":0,
    "suffix":"-3",
    "layer":50,
    "moveX":-8,
    "moveY":0},
    {"type":"RegionPart",
    "mirror":false,
    "x":0,"y":8,
    "suffix":"-s",
    "layer":50,
    "moveX":0,
    "moveY":-8},
    {"type":"RegionPart",
    "mirror":false,
    "x":0,"y":-8,
    "suffix":"-x",
    "layer":50,
    "moveX":0,
    "moveY":8}
    ]}]},
"shoot":{
	"shots":8,
	"shotDelay":6,
	"type":"ShootBarrel",
	"barrels":[
        7,7,-45,
        -7,-7,135,
        7,-7,-135,
        -7,7,45,
        -8,0,90,
        8,0,-90,
        0,8,0,
        0,-8,180
    ]	},
	"ammoUseEffect":{
    "type":"MultiEffect",
    "effects":[
    {
        "type": "ParticleEffect",
        "particles": 8,
        "sizeFrom": 4,
        "sizeTo": 1,
        "length": 45,
        "lifetime": 40,
        "lightOpacity": 0,
        "colorFrom": "ffffff80",
        "colorTo": "78787870",
        "cone": 80
    },
    {
        "type": "WaveEffect",
        "lifetime": 10,
        "sizeFrom": 0,
        "sizeTo": 28,
        "strokeFrom": 2,
        "strokeTo": 0,
        "colorFrom": "EEC59180",
        "colorTo": "ffffffff"
    }
    ]},
	"canOverdrive": false,
	"consumes": {"power": 6},
	"shootSound":"DD1",
	"targetGround":true,
	"targetAir":true,
    "inaccuracy": 5,
	"shootCone":360,
	"shake":1,
	"rotateSpeed":0,
    "ammoPerShot": 8,
	"ammoTypes": {
	"graphite":{
	"type":"MissileBulletType",
	"buildingDamageMultiplier":0.3,
    "splashDamageRadius":32,
	"splashDamage":28,
    "knockback":0.7,
    "speed":5,
    "damage":22,
    "lifetime":200,
    "homingPower":0.15,
    "sprite":"饱和火力-导弹",
    "backColor":"B0C4DE",
    "frontColor":"E3E3E3", 
    "trailLength":5,
	"trailWidth":1.5,
    "trailColor":"FFFFFF",
    "trailEffect":"none",
    "homingDelay":10,
    "homingRange": 800,
	"status":"freezing",
	"statusDuration":300,
	"width": 10,
	"height": 40,
    "hitShake": 1,
    "ammoMultiplier": 1,
    "smokeEffect":"shootSmallFlame",
    "hitEffect":"flakExplosionBig"
	},
	"blast-compound":{
	"type":"MissileBulletType",
	"buildingDamageMultiplier":0.3,
    "splashDamageRadius":45,
    "splashDamage":55,
    "knockback":3,
    "speed":5,
    "damage":17,
	"status":"blasted",
  	"statusDuration":600,
    "homingDelay":10,
    "homingPower":0.15,
    "homingRange": 800,	  
	"width": 10,
	"height": 40,
	"lifetime":200,	
    "sprite":"饱和火力-导弹",
    "backColor":"FF7055",
    "frontColor":"E3E3E3", 
    "trailLength":5,
	"trailWidth":1.5,
    "trailColor":"FFFFFF",
    "trailEffect":"none",
    "hitShake": 1,
    "ammoMultiplier": 1,
    "smokeEffect":"shootSmallFlame",
    "hitEffect":"flakExplosionBig"
	},
	"pyratite":{
	"type":"MissileBulletType",
	"buildingDamageMultiplier":0.3,
    "splashDamageRadius":32,
    "splashDamage":35,
	"status":"burning",
	"statusDuration":600,
    "speed":5,
    "damage":14,
    "makeFire":true,
    "sprite":"饱和火力-导弹",
    "backColor":"FF8C00",
    "frontColor":"E3E3E3",
    "trailLength":5,
	"trailWidth":1.5,
    "trailColor":"FFFFFF",
    "trailEffect":"none",
    "homingDelay":10,
    "homingPower":0.15,
    "homingRange": 800,	
	"width": 10,
	"height": 40,
	"lifetime":200,
    "hitShake": 1,
    "ammoMultiplier": 1,
	"hitEffect":"flakExplosionBig",
	"smokeEffect":"shootSmallFlame"
	},
    "surge-alloy":{
    "type":"MissileBulletType",
	"buildingDamageMultiplier":0.3,
    "lightningDamage":17,
    "lightning":3,
    "lightningLength":8,
    "speed": 5,
    "damage":18,
    "homingDelay":10,
    "homingPower":0.15,
    "homingRange": 800,	
    "lifetime":210, 	
    "width": 12,
    "height": 48,	
    "sprite":"饱和火力-导弹",
    "backColor":"F2E770FF",
    "frontColor":"E3E3E3", 
    "trailLength":6,
	"trailWidth":2.5,
    "trailColor":"FFFFFF",
    "trailEffect":"none",
    "reloadMultiplier":0.7,
    "hitEffect":"flakExplosionBig",
    "shootEffect": "shootSmallFlame",
    "splashDamageRadius":45,
    "splashDamage":75
	},
    "硅钢":{
    "type":"MissileBulletType",
	"buildingDamageMultiplier":0.3,
    "speed": 5,
    "damage":13,
	"ammoMultiplier": 1,
	"status":"unmoving",
	"statusDuration":60,
    "homingDelay":10,
    "homingPower":0.15,
    "homingRange": 800,	
    "lifetime":200, 	
    "width": 13,
    "height": 44,	
    "sprite":"饱和火力-导弹",
    "backColor":"7595D2FF",
    "frontColor":"E3E3E3", 
    "trailLength":4,
	"trailWidth":1.5,
    "trailColor":"FFFFFF",
    "trailEffect":"none",
    "hitEffect":"flakExplosionBig",
    "shootEffect": "shootSmallFlame",
    "splashDamageRadius":32,
    "splashDamage":25
	},
    "裂位能":{
    "type":"MissileBulletType",
	"buildingDamageMultiplier":0.3,
    "speed": 9,
    "damage":16,
	"ammoMultiplier": 1,
    "homingDelay":4,
    "homingPower":0.1,
    "homingRange": 800,	
    "lifetime":90, 	
    "width": 13,
    "height": 44,
    "absorbable":false,
    "sprite":"饱和火力-导弹",
    "backColor":"EEC591",
    "frontColor":"E3E3E3", 
    "trailLength":5,
	"trailWidth":1.5,
    "trailColor":"FFFFFF",
    "trailEffect":"none",
	"hitEffect":{"type":"MultiEffect",
	"effects": [
	{"type": "ParticleEffect",
    "particles": 5,
    "sizeFrom": 4,"sizeTo": 0,
    "length": 55,"baseLength": 9,
    "lifetime": 15,
    "colorFrom": "FEEBB3FF",
    "colorTo": "ffffff",
    "cone": 360},
    {"type": "WaveEffect",
    "lifetime": 10,
    "sizeFrom": 2,"sizeTo": 50,
    "strokeFrom":3,"strokeTo":0,
    "colorFrom":"FEEBB3FF",
    "colorTo": "FEEBB3FF"}]},    
	"despawnEffect":"instBomb",
    "shootEffect": "shootSmallFlame",
    "hitSound":"laser",
    "splashDamageRadius":48,
    "splashDamage":85,   
    "fragRandomSpread":0,
    "fragBullets":1,
    "fragBullet":{
	"hitEffect":{"type":"MultiEffect",
	"effects": [
	{"type": "ParticleEffect",
    "particles": 5,
    "sizeFrom": 4,"sizeTo": 0,
    "length": 45,"baseLength": 9,
    "lifetime": 15,
    "colorFrom": "FEEBB3FF",
    "colorTo": "ffffff",
    "cone": 40},
    {"type": "WaveEffect",
    "lifetime": 10,
    "sizeFrom": 2,"sizeTo": 40,
    "strokeFrom":3,"strokeTo":0,
    "colorFrom":"FEEBB3FF",
    "colorTo": "FEEBB3FF"}]},    
	"despawnEffect":"instBomb",
    "hitSound":"laser",
	"buildingDamageMultiplier":0.3,
	"width":10,	"height":4,
	"damage":25,
	"collides":true,
	"splashDamageRadius":40,
	"splashDamage":45,
    "lifetime":10,"speed":3.2,
    "fragRandomSpread":0,
    "fragBullets":1,
    "fragBullet":{
	"hitEffect":{"type":"MultiEffect",
	"effects": [
	{"type": "ParticleEffect",
    "particles": 5,
    "sizeFrom": 4,"sizeTo": 0,
    "length": 45,"baseLength": 9,
    "lifetime": 15,
    "colorFrom": "FEEBB3FF",
    "colorTo": "ffffff",
    "cone": 40},
    {"type": "WaveEffect",
    "lifetime": 10,
    "sizeFrom": 2,"sizeTo": 40,
    "strokeFrom":3,"strokeTo":0,
    "colorFrom":"FEEBB3FF",
    "colorTo": "FEEBB3FF"}]},    
	"buildingDamageMultiplier":0.3,
	"despawnEffect":"instBomb",
    "hitSound":"laser",
	"width":10,	"height":4,
	"damage":25,
	"collides":true,
	"splashDamageRadius":40,
	"splashDamage":45,
    "lifetime":10,"speed":3.2
    }}},
	"石油桶":{
	"type":"MissileBulletType",
	"buildingDamageMultiplier":0.3,
    "splashDamageRadius":24,
    "splashDamage":10,
    "incendAmount": 9,
    "incendSpread": 10,
    "incendChance": 10,
    "speed":5,
    "damage":3,
	"fragBullets": 60,
	"fragBullet": {
    "type": "LiquidBulletType",
    "buildingDamageMultiplier":0.3,
    "liquid": "oil",
    "lifetime":20,
    "knockback":1.8,
    "speed": 0.2,
    "damage": 0.5  },
    "sprite":"饱和火力-导弹",
    "backColor":"000000",
    "frontColor":"E3E3E3", 
    "trailLength":4,
	"trailWidth":1.5,
    "trailColor":"FFFFFF",
    "trailEffect":"none",
    "homingDelay":10,
    "homingPower":0.15,
    "homingRange": 800,	
	"width": 13,
	"height": 40,
	"lifetime":200,
    "hitShake": 1,
    "ammoMultiplier": 1,
	"hitEffect":"flakExplosionBig",
	"smokeEffect":"shootSmallFlame"
	}
    },
	"requirements": [
		{ "item": "lead", "amount":180 },
		{ "item": "graphite", "amount": 140  },	
		{ "item": "silicon", "amount": 120  },
		{ "item": "硅钢", "amount": 90  },
		{ "item": "plastanium","amount":50},
		{ "item": "二级协议","amount":0}

	],
	"category": "turret",
	"research": "swarmer"
	}