{
    "type": "PowerTurret",
    "name": "天际",
    "description": "短暂蓄力后向空中敌人发射强力的定向贯彻能量束，穿透护盾与敌人。",
    "targetAir": true,
    "targetGround": false,
    "health": 1570,
    "size": 3,
    "accurateDelay": true,
    "moveWhileCharging": false,
    "chargeSound": "lasercharge2",
    "drawer": {
        "type": "DrawMulti",
        "drawers": [
            {
                "type": "DrawTurret",
                "parts": [
                    {
                        "type": "RegionPart",
                        "mirror": true,
                        "x": 0,
                        "y": 0,
                        "suffix": "-前",
                        "moveX": 2.25,
                        "moveY": 3.25,
                        "heatProgress": "reload",
                        "heatColor": "FEEBB3FF"
                    },
                    {
                        "type": "RegionPart",
                        "mirror": true,
                        "x": 0,
                        "y": 0,
                        "suffix": "-后",
                        "moveX": 1.5,
                        "moveY": -1,
                        "heatProgress": "reload",
                        "heatColor": "FEEBB3FF"
                    }
                ]
            }
        ]
    },
    "shoot": {
        "type": "ShootPattern",
        "firstShotDelay": 45
    },
    "shootSound": "laser",
    "shake": 3,
    "inaccuracy": 0,
    "recoil": 3,
    "recoilTime": 30,
    "shootType": {
        "type": "FlakBulletType",
        "explodeRange":0,
        "explodeDelay":50,
        "flakDelay":10,
        "flakInterval":6,
        "damage": 375,
        "pierce": true,
        "pierceArmor":true,
        "absorbable": false,
        "hitSound": "shotgun",
        "sprite": "饱和火力-透彻",
        "frontColor": "FFFFFF",
        "backColor": "FEEBB3FF",
        "width": 15,
        "height": 45,
        "trailLength": 25,
        "trailWidth": 1.2,
        "trailColor": "FEEBB3FF",
        "status": "崩溃",
        "statusDuration": 60,
        "drag": -0.05,
        "speed": 8,
        "lifetime": 30,
        "ammoMultiplier": 1,
        "chargeEffect": {
            "type": "MultiEffect",
            "effects": [
                {
                    "type": "WaveEffect",
                    "lifetime": 40,
                    "sizeFrom": 80,
                    "sizeTo": 0,
                    "strokeFrom": 0,
                    "strokeTo": 2,
                    "colorFrom": "FFFFFF",
                    "colorTo": "FEEBB3FF"
                },
                {
                    "type": "ParticleEffect",
                    "particles": 8,
                    "strokeFrom": 4,
                    "strokeTo": 0,
                    "lenFrom": 30,
                    "lenTo": 0,
                    "line": true,
                    "length": -90,
                    "baseLength": 90,
                    "lifetime": 40,
                    "colorFrom": "FFFFFF",
                    "colorTo": "FEEBB3FF",
                    "cone": 50
                },
                {
                    "type": "ParticleEffect",
                    "particles": 18,
                    "sizeFrom": 0,
                    "sizeTo": 1,
                    "length": 90,
                    "baseLength": -90,
                    "lifetime": 40,
                    "colorFrom": "FFFFFF",
                    "colorTo": "FEEBB3FF",
                    "cone": 50
                },
                {
                    "type": "ParticleEffect",
                    "particles": 1,
                    "strokeFrom": 7,
                    "strokeTo": 0,
                    "lenFrom": 576,
                    "lenTo": 576,
                    "line": true,
                    "randLength": false,
                    "length": 0,
                    "baseLength": 1,
                    "lifetime": 45,
                    "colorFrom": "FFFFFF",
                    "colorTo": "FEEBB3FF",
                    "cone": 0
                },
                {
                    "type": "ParticleEffect",
                    "particles": 1,
                    "sizeFrom": 0,
                    "sizeTo": 3,
                    "length": 0,
                    "baseLength": -0,
                    "lifetime": 70,
                    "colorFrom": "FFFFFF",
                    "colorTo": "FEEBB3FF",
                    "cone": 360
                }
            ]
        },
        "hitEffect": {
            "type": "ParticleEffect",
            "particles": 9,
            "sizeFrom": 1,
            "sizeTo": 0,
            "length": 80,
            "baseLength": 0,
            "lifetime": 20,
            "colorFrom": "FEEBB3FF",
            "colorTo": "FFFFFF",
            "cone": 30
        },
        "despawnEffect": {
            "type": "WaveEffect",
            "lifetime": 8,
            "sizeFrom": 0,
            "sizeTo": 40,
            "strokeFrom": 1,
            "strokeTo": 0,
            "colorFrom": "FEEBB3FF",
            "colorTo": "ffffff"
        }
    },
    "shootEffect": {
        "type": "MultiEffect",
        "lifetime": 120,
        "effects": [
            {
                "type": "WaveEffect",
                "lifetime": 15,
                "sizeFrom": 0,
                "sizeTo": 80,
                "strokeFrom": 2,
                "strokeTo": 0,
                "colorFrom": "FEEBB3FF",
                "colorTo": "ffffff"
            },
            {
                "type": "ParticleEffect",
                "particles": 9,
                "sizeFrom": 3,
                "sizeTo": 0,
                "length": 40,
                "baseLength": 0,
                "lifetime": 120,
                "colorFrom": "FEEBB3FF",
                "colorTo": "FFFFFF",
                "cone": 50
            }
        ]
    },
    "consumes": {
        "power": 9,
        "coolant": {
            "amount": 0.3,
            "optional": true
        }
    },
    "reload": 180,
    "rotateSpeed": 10,
    "range": 500,
    "category": "turret",
    "research": "裂爆",
    "requirements": [
        {
            "item": "lead",
            "amount": 350
        },
        {
            "item": "metaglass",
            "amount": 100
        },
        {
            "item": "silicon",
            "amount": 250
        },
        {
            "item": "plastanium",
            "amount": 80
        },
        {
            "item": "二级协议",
            "amount": 0
        }
    ]
}