{
    "type": "ItemTurret",
    "name": "怨灵",
    "description": "向目标发射巨型被帽钝头弹，造成严重杀伤并击退敌人",
    "details": "怨灵修之浩荡兮，终不察夫民心。厚重的装甲与高装药量使得怨灵拥有强悍的正面受敌与输出能力",
    "health": 24000,
    "armor": 22,
    "size": 8,
    "reload": 6,
    "range": 520,
    "maxAmmo": 60,
	"shootCone":35,
    "recoilTime": 90,
    "canOverdrive": false,
    "recoil": 8,
    "cooldownTime": 90,
    "shoot": {
        "type": "ShootAlternate",
        "barrels": 2,
        "spread": 24
    },
    "ammoUseEffect": "casing4",
    "ammoPerShot": 3,
    "targetGround": true,
    "targetAir": true,
    "consumes": {
        "coolant": {
            "amount": 5,
            "optional": true
        }
    },
    "coolantMultiplier": 0.5,
    "liquidCapacity": 120,
    "inaccuracy": 2,
    "shake": 5,
    "shootSound": "shootBig",
    "rotateSpeed": 3.5,
    "ammoTypes": {
        "thorium": {
            "speed": 21,
            "damage": 235,
            "lifetime": 25,
            "knockback": 4,
            "pierce": true,
            "pierceArmor": true,
            "pierceCap": 2,
            "width": 16,
            "height": 18,
            "shootEffect": {
                "type": "MultiEffect",
                "effects": [
                    {
                        "type": "ParticleEffect",
                        "particles": 3,
                        "strokeFrom": 6,
                        "strokeTo": 0,
                        "lenFrom": 10,
                        "lenTo": 0,
                        "length": 30,
                        "baseLength": 0,
                        "lifetime": 25,
                        "colorFrom": "ffffff",
                        "colorTo": "ffffff",
                        "cone": 15
                    },
                    {
                        "type": "WaveEffect",
                        "lifetime": 10,
                        "sizeFrom": 0,
                        "sizeTo": 16,
                        "strokeFrom": 3,
                        "strokeTo": 0,
                        "colorFrom": "ffffff",
                        "colorTo": "ffffff"
                    }
                ]
            },
            "smokeEffect": {
                "type": "ParticleEffect",
                "particles": 3,
                "sizeFrom": 6,
                "sizeTo": 0,
                "length": 25,
                "baseLength": 0,
                "lifetime": 15,
                "colorFrom": "ffffff",
                "colorTo": "ffffff",
                "cone": 10
            },
            "ammoMultiplier": 1
        },
        "surge-alloy": {
            "type": "BasicBulletType",
            "speed": 17,
            "lifetime": 30,
            "knockback": 8,
            "width": 18,
            "height": 20,
            "damage": 175,
            "splashDamageRadius": 38,
            "splashDamage": 85,
            "shootEffect": {
                "type": "MultiEffect",
                "effects": [
                    {
                        "type": "ParticleEffect",
                        "particles": 3,
                        "strokeFrom": 3,
                        "strokeTo": 0,
                        "lenFrom": 10,
                        "lenTo": 0,
                        "length": 30,
                        "baseLength": 0,
                        "lifetime": 25,
                        "colorFrom": "FFE176FF",
                        "colorTo": "ffffff",
                        "cone": 15
                    },
                    {
                        "type": "WaveEffect",
                        "lifetime": 10,
                        "sizeFrom": 0,
                        "sizeTo": 16,
                        "strokeFrom": 3,
                        "strokeTo": 0,
                        "colorFrom": "ffffff",
                        "colorTo": "ffffff"
                    }
                ]
            },
            "smokeEffect": {
                "type": "ParticleEffect",
                "particles": 3,
                "sizeFrom": 6,
                "sizeTo": 0,
                "length": 25,
                "baseLength": 0,
                "lifetime": 15,
                "colorFrom": "FFE176FF",
                "colorTo": "FFE176FF",
                "cone": 10
            },
            "hitEffect": "flakExplosionBig",
            "despawnEffect": "flakExplosionBig",
            "ammoMultiplier": 2,
            "lightningDamage": 15,
            "lightning": 5,
            "lightningLength": 15
        },
        "裂位能": {
            "type": "BasicBulletType",
            "speed": 13,
            "damage": 57,
            "ammoMultiplier": 3,
            "lifetime": 60,
            "width": 18,
            "height": 50,
            "absorbable": false,
            "sprite": "饱和火力-透彻",
            "backColor": "EEC591",
            "frontColor": "E3E3E3",
            "trailLength": 5,
            "trailWidth": 2.2,
            "trailColor": "FFFFFF",
            "trailEffect": "none",
            "hitEffect": {
                "type": "MultiEffect",
                "effects": [
                    {
                        "type": "ParticleEffect",
                        "particles": 5,
                        "sizeFrom": 4,
                        "sizeTo": 0,
                        "length": 55,
                        "baseLength": 9,
                        "lifetime": 15,
                        "colorFrom": "FEEBB3FF",
                        "colorTo": "ffffff",
                        "cone": 360
                    },
                    {
                        "type": "WaveEffect",
                        "lifetime": 10,
                        "sizeFrom": 2,
                        "sizeTo": 50,
                        "strokeFrom": 3,
                        "strokeTo": 0,
                        "colorFrom": "FEEBB3FF",
                        "colorTo": "FEEBB3FF"
                    }
                ]
            },
            "despawnEffect": "instBomb",
            "shootEffect": {
                "type": "MultiEffect",
                "effects": [
                    {
                        "type": "ParticleEffect",
                        "particles": 3,
                        "strokeFrom": 6,
                        "strokeTo": 0,
                        "lenFrom": 10,
                        "lenTo": 0,
                        "length": 30,
                        "baseLength": 0,
                        "lifetime": 25,
                        "colorFrom": "ffffff",
                        "colorTo": "ffffff",
                        "cone": 15
                    },
                    {
                        "type": "WaveEffect",
                        "lifetime": 10,
                        "sizeFrom": 0,
                        "sizeTo": 16,
                        "strokeFrom": 3,
                        "strokeTo": 0,
                        "colorFrom": "ffffff",
                        "colorTo": "ffffff"
                    }
                ]
            },
            "hitSound": "laser",
            "status": "崩溃",
            "statusDuration": 10,
            "splashDamageRadius": 48,
            "splashDamage": 85,
            "fragRandomSpread": 0,
            "fragBullets": 2,
            "fragBullet": {
                "hitEffect": {
                    "type": "MultiEffect",
                    "effects": [
                        {
                            "type": "ParticleEffect",
                            "particles": 5,
                            "sizeFrom": 4,
                            "sizeTo": 0,
                            "length": 45,
                            "baseLength": 9,
                            "lifetime": 15,
                            "colorFrom": "FEEBB3FF",
                            "colorTo": "ffffff",
                            "cone": 40
                        },
                        {
                            "type": "WaveEffect",
                            "lifetime": 10,
                            "sizeFrom": 2,
                            "sizeTo": 40,
                            "strokeFrom": 3,
                            "strokeTo": 0,
                            "colorFrom": "FEEBB3FF",
                            "colorTo": "FEEBB3FF"
                        }
                    ]
                },
                "despawnEffect": "instBomb",
                "hitSound": "laser",
                "width": 10,
                "height": 4,
                "damage": 25,
                "collides": true,
                "status": "崩溃",
                "statusDuration": 10,
                "splashDamageRadius": 40,
                "splashDamage": 45,
                "lifetime": 10,
                "speed": 3.2,
                "fragRandomSpread": 0,
                "fragBullets": 1,
                "fragBullet": {
                    "hitEffect": {
                        "type": "MultiEffect",
                        "effects": [
                            {
                                "type": "ParticleEffect",
                                "particles": 5,
                                "sizeFrom": 4,
                                "sizeTo": 0,
                                "length": 45,
                                "baseLength": 9,
                                "lifetime": 15,
                                "colorFrom": "FEEBB3FF",
                                "colorTo": "ffffff",
                                "cone": 40
                            },
                            {
                                "type": "WaveEffect",
                                "lifetime": 10,
                                "sizeFrom": 2,
                                "sizeTo": 40,
                                "strokeFrom": 3,
                                "strokeTo": 0,
                                "colorFrom": "FEEBB3FF",
                                "colorTo": "FEEBB3FF"
                            }
                        ]
                    },
                    "despawnEffect": "instBomb",
                    "hitSound": "laser",
                    "width": 10,
                    "height": 4,
                    "damage": 25,
                    "collides": true,
                    "status": "崩溃",
                    "statusDuration": 10,
                    "splashDamageRadius": 40,
                    "splashDamage": 45,
                    "lifetime": 10,
                    "speed": 3.2
                }
            }
        },
        "镄": {
            "speed": 26,
            "damage": 282,
            "lifetime": 20,
            "knockback": 2,
            "pierce": true,
            "pierceArmor": true,
            "pierceBuilding": true,
            "pierceCap": 3,
            "width": 20,
            "height": 26,
            "shootEffect": {
                "type": "MultiEffect",
                "effects": [
                    {
                        "type": "ParticleEffect",
                        "particles": 3,
                        "strokeFrom": 3,
                        "strokeTo": 0,
                        "lenFrom": 10,
                        "lenTo": 0,
                        "length": 30,
                        "baseLength": 0,
                        "lifetime": 25,
                        "colorFrom": "ffffff",
                        "colorTo": "ffffff",
                        "cone": 15
                    },
                    {
                        "type": "WaveEffect",
                        "lifetime": 10,
                        "sizeFrom": 0,
                        "sizeTo": 16,
                        "strokeFrom": 3,
                        "strokeTo": 0,
                        "colorFrom": "ffffff",
                        "colorTo": "ffffff"
                    }
                ]
            },
            "smokeEffect": {
                "type": "ParticleEffect",
                "particles": 3,
                "sizeFrom": 6,
                "sizeTo": 0,
                "length": 25,
                "baseLength": 0,
                "lifetime": 15,
                "colorFrom": "ffffff",
                "colorTo": "ffffff",
                "cone": 10
            },
            "ammoMultiplier": 6,
            "fragBullets": 4,
            "fragRandomSpread": 30,
            "fragBullet": {
                "hitEffect": "none",
                "despawnEffect": "none",
                "width": 9,
                "height": 10,
                "damage": 35,
                "pierce": true,
                "pierceBuilding": true,
                "lifetime": 9,
                "speed": 26,
                "drag": 0.05
            }
        },
        "铬": {
            "speed": 21,
            "damage": 160,
            "lifetime": 25,
            "knockback": 8,
            "width": 20,
            "height": 24,
            "shootEffect": {
                "type": "MultiEffect",
                "effects": [
                    {
                        "type": "ParticleEffect",
                        "particles": 3,
                        "strokeFrom": 3,
                        "strokeTo": 0,
                        "lenFrom": 10,
                        "lenTo": 0,
                        "length": 30,
                        "baseLength": 0,
                        "lifetime": 25,
                        "colorFrom": "ffffff",
                        "colorTo": "ffffff",
                        "cone": 15
                    },
                    {
                        "type": "WaveEffect",
                        "lifetime": 10,
                        "sizeFrom": 0,
                        "sizeTo": 16,
                        "strokeFrom": 3,
                        "strokeTo": 0,
                        "colorFrom": "ffffff",
                        "colorTo": "ffffff"
                    }
                ]
            },
            "smokeEffect": {
                "type": "ParticleEffect",
                "particles": 3,
                "sizeFrom": 6,
                "sizeTo": 0,
                "length": 25,
                "baseLength": 0,
                "lifetime": 15,
                "colorFrom": "ffffff",
                "colorTo": "ffffff",
                "cone": 10
            },
            "ammoMultiplier": 3,
            "fragBullets": 8,
            "fragRandomSpread": 60,
            "fragBullet": {
                "hitEffect": "none",
                "despawnEffect": "none",
                "width": 9,
                "height": 10,
                "damage": 45,
                "knockback": 8,
                "lifetime": 6,
                "speed": 21
            }
        }
    },
    "requirements": [
        {
            "item": "thorium",
            "amount": 2300
        },
        {
            "item": "plastanium",
            "amount": 1750
        },
        {
            "item": "surge-alloy",
            "amount": 960
        },
        {
            "item": "镄",
            "amount": 1800
        },
        {
            "item": "二级协议",
            "amount": 2
        },
        {
            "item": "三级协议",
            "amount": 0
        }
    ],
    "category": "turret",
    "research": {
        "parent": "灾灵",
        "objectives": [
            {
                "type": "SectorComplete",
                "preset": "impact0078"
            }
        ]
    }
}