{
	"type": "ItemTurret",
	"name": "死诏",
	"description": "区块级轨道炮，向超远距离大型目标射击。",
	"details": "",
	"health": 10500,
	"armor": 12,
	"size": 5,
	"shootY": 16,
	"shootSound": "release",
	"reload": 300,
	"canOverdrive": false,
	"range": 1000,
	"recoilTime": 60,
	"recoil": 5,
	"maxAmmo": 12,
	"cooldownTime": 100,
	"targetGround": true,
	"targetAir": true,
	"ammoUseEffect": "casing3Double",
	"inaccuracy": 0,
	"ammoPerShot": 6,
	"shake": 6,
	"liquidCapacity": 60,
	"rotateSpeed": 2,
	"minWarmup": 0.8,
	"shootWarmupSpeed": 0.1,
	"heatColor": "BFFFDB80",
	"drawer": {
		"type": "DrawMulti",
		"drawers": [
			{
				"type": "DrawTurret",
				"parts": [
					{
						"type": "RegionPart",
						"mirror": true,
						"x": 8,
						"y": 4,
						"suffix": "-前",
						"heatColor": "BFFFDB80",
						"layer": 50,
						"moveX": 3,
						"moveY": -2,
						"moveRot": 0
					},
					{
						"type": "RegionPart",
						"mirror": true,
						"x": 8,
						"y": -12,
						"suffix": "-后",
						"heatColor": "BFFFDB80",
						"heatProgress": "warmup",
						"layer": 50,
						"moveX": 0.75,
						"moveY": -3.25,
						"moveRot": 0
					},
					{
						"type": "RegionPart",
						"progress": "reload",
						"mirror": false,
						"x": 0,
						"y": 0,
						"suffix": "-底",
						"layer": 49.99,
						"moveY": -3
					},
					{
						"type": "RegionPart",
						"mirror": false,
						"x": 0,
						"y": 0,
						"suffix": "-口",
						"layer": 49,
						"moveX": 0,
						"moveY": 8,
						"moveRot": 0
					},
					{
						"type": "ShapePart",
						"progress": "warmup",
						"y": -24,
						"sides": 3,
						"color": "25C9ABFF",
						"rotateSpeed": 2,
						"stroke": 0,
						"strokeTo": 2,
						"circle": false,
						"hollow": true,
						"radius": 0,
						"radiusTo": 9,
						"layer": 110
					},
					{
						"type": "ShapePart",
						"progress": "warmup",
						"y": -24,
						"color": "25C9ABFF",
						"stroke": 0,
						"strokeTo": 2,
						"circle": true,
						"hollow": true,
						"radius": 0,
						"radiusTo": 10,
						"layer": 110
					}
				]
			}
		]
	},
	"consumes": {
		"power": 25,
		"coolant": {
			"amount": 2,
			"optional": true
		}
	},
	"coolantMultiplier": 0.67,
	"ammoTypes": {
		"surge-alloy": {
			"speed": 23,
			"hitSound": "CT1",
			"rangeChange": 150,
			"buildingDamageMultiplier": 0.3,
			"pierce": true,
			"ammoMultiplier": 2,
			"pierceBuilding": true,
			"pierceCap": 10,
			"damage": 1300,
			"hitSize": 50,
			"lifetime": 50,
			"width": 25,
			"height": 75,
			"trailLength": 13,
			"trailWidth": 7,
			"trailColor": "EEC591",
			"lightningDamage": 57,
			"lightning": 3,
			"lightningLength": 8,
			"despawnEffect": "instBomb",
			"shootEffect": "instShoot",
			"smokeEffect": {
				"type": "ParticleEffect",
				"particles": 8,
				"interp": "fastSlow",
				"sizeFrom": 9,
				"sizeTo": 0,
				"length": 68,
				"baseLength": 0,
				"lifetime": 45,
				"colorFrom": "EEC59190",
				"colorTo": "FFFFFF",
				"cone": 60
			},
			"hitEffect": "instBomb"
		},
		"泰勒合金": {
			"type": "PointBulletType",
			"damage": 8400,
			"hitSound": "DBZ1",
			"speed": 125,
			"lifetime": 180,
			"hitShake": 20,
			"status": "slow",
			"statusDuration": 100,
			"buildingDamageMultiplier": 0.3,
			"ammoMultiplier": 1,
			"trailSpacing": 9,
			"trailEffect": {
				"type": "ParticleEffect",
				"particles": 1,
				"length": 1,
				"baseLength": 0,
				"lifetime": 50,
				"line": true,
				"randLength": false,
				"lenFrom": 10,
				"lenTo": 11,
				"strokeFrom": 10,
				"strokeTo": 0,
				"colorFrom": "BFFFDBFF",
				"colorTo": "25C9ABFF",
				"cone": 0
			},
			"despawnEffect": "none",
			"shootEffect": {
				"type": "MultiEffect",
				"effects": [
					{
						"type": "WaveEffect",
						"lifetime": 10,
						"sizeFrom": 5,
						"sizeTo": 80,
						"strokeFrom": 3,
						"strokeTo": 0,
						"colorFrom": "BFFFDBFF",
						"colorTo": "25C9ABFF"
					},
					{
						"type": "ParticleEffect",
						"particles": 1,
						"sizeFrom": 8,
						"sizeTo": 0,
						"length": 0,
						"baseLength": 0,
						"lifetime": 55,
						"colorFrom": "BFFFDBFF",
						"colorTo": "25C9ABFF",
						"cone": 0
					}
				]
			},
			"smokeEffect": "smokeCloud",
			"hitEffect": {
				"type": "MultiEffect",
				"effects": [
					{
						"type": "WaveEffect",
						"lifetime": 15,
						"sizeFrom": 0,
						"sizeTo": 80,
						"strokeFrom": 3,
						"strokeTo": 0,
						"colorFrom": "BFFFDBFF",
						"colorTo": "25C9ABFF"
					},
					{
						"type": "ParticleEffect",
						"particles": 1,
						"sizeFrom": 22,
						"sizeTo": 0,
						"length": 0,
						"baseLength": 0,
						"lifetime": 55,
						"colorFrom": "BFFFDB",
						"colorTo": "25C9AB",
						"cone": 0
					}
				]
			},
			"fragRandomSpread": 45,
			"fragBullets": 6,
			"fragBullet": {
				"type": "ShrapnelBulletType",
				"width": 16,
				"length": 200,
				"fromColor": "25C9ABFF",
				"toColor": "25C9ABFF",
				"despawnEffect": "bigShockwave",
				"hitEffect": "bigShockwave",
				"collides": false,
				"buildingDamageMultiplier": 0.3,
				"lifetime": 20,
				"damage": 800
			}
		}
	},
	"requirements": [
		{
			"item": "silicon",
			"amount": 1500
		},
		{
			"item": "硅钢",
			"amount": 1000
		},
		{
			"item": "镄",
			"amount": 850
		},
		{
			"item": "泰勒合金",
			"amount": 850
		}
	],
	"category": "turret",
	"research": "foreshadow"
}