{
	"type": "PowerTurret",
	"name": "漫游",
	"description": "实验型质子撞击炮，发射由纯能量包裹的氢离子引发粒子崩溃并熔毁敌人与装甲",
	"details":"让质子飞-----",
	"targetAir": true,
	"targetGround": true,
	"health": 1450,
	"size": 3,
    "canOverdrive": false,
	"shootSound":"laser",
	"shake":2.5,
	"inaccuracy": 3,
	"recoil": 3,
	"xRand": 2,
	"recoilTime":20,
	"shootEffect":  {     
    "type": "ParticleEffect",
    "particles": 9,
    "sizeFrom": 2,
    "sizeTo": 0,
    "length": 40,
    "baseLength": 0,
    "lifetime": 30,
    "colorFrom": "FEEBB3FF",
    "colorTo": "FFFFFF",
    "cone": 50
	   },
	"smokeEffect": "bigShockwave",
	"shootType":{
	"height": 35,"width":6,
	"damage":100,
	"speed":10,"lifetime":48,
	"splashDamageRadius":40,
    "splashDamage":135,
    "statusDuration":60,
    "status": "崩溃",
	"ammoMultiplier":1,
	"buildingDamageMultiplier":3,
    "frontColor":"FEEBB3FF",	
    "backColor":"FFFFFF",
    "trailLength":16,
	"trailWidth":1.5,
    "trailColor":"FEEBB3FF",
	"hitSound":"plasmaboom",
	"despawnEffect":"none",
    "hitEffect":{"type": "MultiEffect",
        "effects": [
            {"type": "ParticleEffect",
            "particles": 5,
            "sizeFrom": 9,
            "sizeTo": 0,
            "length": 0,
            "baseLength": 48,
            "lifetime": 35,
            "colorFrom": "FEEBB380",
            "colorTo": "FEEBB300",
            "cone": 360},
            {"type": "ParticleEffect",
                "particles": 12,
                "line": true,
                "strokeFrom": 3,
                "strokeTo": 0,
                "lenFrom": 15,
                "lenTo": 0,
                "length": 53,
                "baseLength": 0,
                "lifetime": 15,
                "colorFrom": "FEEBB3FF",
                "colorTo": "FEEBB3FF",
                "cone": 360},
            {"type": "WaveEffect",
            "lifetime": 25,
            "sizeFrom": 0,
            "sizeTo": 44,
            "strokeFrom":3,
            "strokeTo":0,
            "colorFrom":"FEEBB3FF",
            "colorTo": "FEEBB3FF"}
            ]}},
	"consumes": {"power":12,
	"coolant":{"amount":0.3,"optional":true}  
				},
	"reload": 20,
	"rotateSpeed": 6,
	"range": 360,
	"category": "turret",
	"research": {
		"parent": "裂爆",
		"objectives": [
			{
				"type": "SectorComplete",
				"preset": "nuclearComplex"
			}]},
	"requirements": [
	    { "item": "metaglass", "amount": 70 },
	    { "item": "silicon", "amount": 200 },
		{ "item": "硅钢", "amount": 180 },
		{ "item": "surge-alloy", "amount": 70 },
		{ "item": "二级协议", "amount": 1 }
	]
}
