{
	"type": "PowerTurret",
	"name": "电光箭",
	"description": "使用激光二极管定向聚集能量打击敌人。",
	"targetAir": true,
	"targetGround": true,
	"health": 1300,
	"size": 2,
	"shootSound":"laser",
	"shake":2,
	"inaccuracy": 0,
	"recoil": 2,
	"recoilTime":10,
	"shootType": {
	"type" : "BasicBulletType",
	"damage": 60,
	"splashDamageRadius":45,
	"splashDamage":50,
	"makeFire":true,
    "trailLength":4,
	"trailWidth":1.5,
    "trailColor":"FF8C00",
	"frontColor":"FFD700",
	"backColor":"FF8C00",
	"width": 8,
	"height": 26,
	"status":"burning",
	"statusDuration":180,
	"speed": 20,
	"lifetime": 10,
	"ammoMultiplier":1,
	"hitEffect": {
"type": "MultiEffect",
	"effects": [
	{"type": "ParticleEffect",
    "particles": 16,
    "sizeFrom": 6,
    "sizeTo": 0,
    "length": 35,
    "baseLength": 10,
    "lifetime": 25,
    "colorFrom": "FF8C0080",
    "colorTo": "FF8C0080",
    "cone": 360},
    {"type": "WaveEffect",
    "lifetime": 15,
    "sizeFrom": 1,
    "sizeTo": 30,
    "strokeFrom": 3,
    "strokeTo": 0,
    "colorFrom": "FF8C00",
    "colorTo": "FF8C0000"}]
	},
	"despawnEffect":"none",
	"shootEffect": {     
        "type": "WaveEffect",
        "lifetime": 16,
        "sizeFrom": 0,
        "sizeTo": 32,
        "strokeFrom": 2,
        "strokeTo": 0,
        "colorFrom": "FFFFFF",
        "colorTo": "FFD700"
	   }
	},
	   "consumes": {
		"power":8,
	"coolant":{"amount":0.2,"optional":true}  
		},
	"reload": 35,
	"rotateSpeed": 6,
	"range": 200,
	"category": "turret",
	"research": "lancer",
	"requirements": [
	{ "item": "lead", "amount":90},
	{ "item": "硅钢", "amount":45},
	{ "item": "silicon", "amount": 85}
	]
}
