{
	"type": "ItemTurret",
	"name": "菊花",
	"description": "超远程火箭发射器，以低下的弹药利用率为代价，快速对敌人所在地发动轰炸。\n内置定时激活，支持发射纳米弹。",
	"details":"[yellow]射程盲区较大，注意保护。",
	"health": 1300,
	"size": 4,
	"reload":150,
	"range": 670,
    "maxAmmo": 60,
    "heatColor": "FFD197FF",
    "canOverdrive": false,
    "cooldownTime": 120,
	"recoil": 2,
    "minWarmup": 0.8,
"shootWarmupSpeed": 0.05,
	"shoot":{
	    "shots":30,
	    "shotDelay":1
	},
    "drawer": {
        "type": "DrawMulti",
        "drawers": [{
"type": "DrawTurret",
"parts": [
    {"type": "RegionPart",
        "mirror": false,
        "x": 0,
        "y": 0,
        "suffix": "-前",
        "layer": 49.9,
        "moveX": 0,
        "moveY": -4
    },
    {"type": "RegionPart",
        "mirror": true,
        "x": 0,
        "y": 0,
        "suffix": "-后",
        "layer": 49.9,
        "moveX": 0,
        "moveY": -4
    },
    {
        "type": "HaloPart",
        "progress": "reload",
        "rotateSpeed": 0,
        "shapeRotation":180,
        "sides": 3,
        "shapes": 3,
        "color": "25C9ABFF",
        "colorTo":"FFFFFF",
        "tri": true,
        "hollow": true,
        "radius": 6,
        "radiusTo": 0,
        "triLength": 8,
        "triLengthTo": 0,
        "haloRadius": 20,
        "haloRotation": 30,
        "haloRotateSpeed": 1,
        "layer": 110
        }
    ]}
        ]
    },
	"ammoPerShot":30,
	"ammoUseEffect": "none",
	"shootSound":"cannon",
	"targetGround":true,
	"targetAir":true,
    "shootY":13,
    "xRand":10,
	"minRange":120,
    "coolantMultiplier": 0.5,
    "liquidCapacity": 80,
	"consumes": {
        "power":10,
        "coolant":{"amount":1,"optional":true}  
            },
    "inaccuracy": 2,
	"shootCone":3,
	"shake":1,
	"rotateSpeed":2,
	"velocityRnd": 0.05,
	"ammoTypes": {
    "硅钢":{
    "type":"BasicBulletType",
    "reloadMultiplier":1.3,
    "width": 10,"height": 55,
    "sprite":"饱和火力-导弹",
    "speed": 33,
    "weaveMag":2,
	"weaveScale":3,
    "lifetime":20,
    "scaleLife": false,
	"ammoMultiplier": 2,
	"status":"unmoving",
	"statusDuration":70,
    "trailLength": 12,
    "trailWidth": 3,
    "trailColor": "7595D2FF",
    "shrinkY":0,"shrinkX":0,
    "backColor":"7595D2FF",
    "frontColor":"7595D2FF", 
    "hitEffect":{
        "type": "MultiEffect",
            "effects": [
            {"type": "ParticleEffect",
            "particles": 3,
            "sizeFrom": 8,
            "sizeTo": 0,
            "length": 18,
            "baseLength": 20,
            "lifetime": 25,
            "colorFrom": "FFFFFF80",
            "colorTo": "7595D2FF",
            "cone": 360},
            {"type": "WaveEffect",
            "lifetime": 15,
            "sizeFrom": 1,
            "sizeTo": 35,
            "strokeFrom": 3,
            "strokeTo": 0,
            "colorFrom": "FFFFFF",
            "colorTo": "FFFFFF"}]
    },
    "hitSound":"explosion",
    "despawnEffect":"none",
    "shootEffect": "none",
    "smokeEffect":{
    "type": "ParticleEffect",
    "particles": 3,
    "sizeFrom": 3,
    "sizeTo": 0,
    "length": 18,
    "baseLength": 0,
    "lifetime": 25,
    "colorFrom": "7595D2",
    "colorTo": "FFFFFF",
    "cone": 60},
    "damage":13,
    "splashDamageRadius":35,
    "splashDamage":33
	},
    "surge-alloy":{
        "type":"BasicBulletType",
        "width": 12,"height": 60,
        "sprite":"饱和火力-导弹",
        "speed": 33,
        "weaveMag":2,
        "weaveScale":3,
        "lifetime":20,
        "scaleLife": false,
        "ammoMultiplier": 2,
        "trailLength": 12,
        "trailWidth": 3,
        "trailColor": "FEEBB3FF",
        "shrinkY":0,"shrinkX":0,
        "backColor":"FEEBB3FF",
        "frontColor":"FEEBB3FF", 
        "hitEffect":{
            "type": "MultiEffect",
                "effects": [
                {"type": "ParticleEffect",
                "particles": 3,
                "sizeFrom": 11,
                "sizeTo": 0,
                "length": 38,
                "baseLength": 20,
                "lifetime": 25,
                "colorFrom": "FFFFFF80",
                "colorTo": "FEEBB3FF",
                "cone": 360},
                {"type": "WaveEffect",
                "lifetime": 15,
                "sizeFrom": 1,
                "sizeTo": 48,
                "strokeFrom": 3,
                "strokeTo": 0,
                "colorFrom": "FFFFFF",
                "colorTo": "FFFFFF"}]
        },
        "hitSound":"explosion",
        "despawnEffect":"none",
        "shootEffect": "none",
        "smokeEffect":{
    "type": "ParticleEffect",
    "particles": 3,
    "sizeFrom": 3,
    "sizeTo": 0,
    "length": 18,
    "baseLength": 0,
    "lifetime": 25,
    "colorFrom": "FEEBB3",
    "colorTo": "FFFFFF",
    "cone": 60},
        "damage":43,
        "lightningDamage":22,
        "lightning":2,
        "lightningLength":11,
        "splashDamageRadius":48,
        "splashDamage":82
    },
    "裂位能":{
        "type":"BasicBulletType",
        "inaccuracy": 58,
        "width": 10,"height": 66,
        "sprite":"饱和火力-导弹",
        "homingPower":0.22,
        "homingRange": 240,
        "speed": 66,
        "rangeChange":160,
        "weaveMag":2,
        "weaveScale":2,
        "lifetime":12,
        "knockback":8,
        "absorbable":false,
        "scaleLife": false,
        "ammoMultiplier": 1,
        "status":"崩溃",
        "statusDuration":60,
        "trailLength": 12,
        "trailWidth": 2,
        "trailColor": "EEC591",
        "shrinkY":0,"shrinkX":0,
        "backColor":"EEC591",
        "frontColor":"EEC591", 
        "hitEffect":"instHit",
        "despawnEffect":"instBomb",
        "hitSound":"laser",
        "shootEffect": "none",
        "smokeEffect":{
    "type": "ParticleEffect",
    "particles": 3,
    "sizeFrom": 3,
    "sizeTo": 0,
    "length": 18,
    "baseLength": 0,
    "lifetime": 25,
    "colorFrom": "EEC591",
    "colorTo": "FFFFFF",
    "cone": 60},
        "damage":28,
        "splashDamageRadius":45,
        "splashDamage":35,
        "fragBullets":2,
        "fragRandomSpread":30,
        "fragBullet":{
            "type":"PointBulletType",
            "hitEffect": "instBomb",
            "hitSound":"none",
            "trailSpacing":99,
            "trailEffect":"none",
            "despawnEffect":"none",
            "splashDamageRadius":45,
            "splashDamage":55,
            "speed":50,"lifetime":1,
        "fragBullets":2,
        "fragRandomSpread":30,
        "fragBullet":{
            "type":"PointBulletType",
            "hitEffect": "instBomb",
            "hitSound":"none",
            "trailSpacing":99,
            "trailEffect":"none",
            "despawnEffect":"none",
            "splashDamageRadius":45,
            "splashDamage":25,
            "speed":50,"lifetime":1
    }}},
    "纳米核":{
    "type":"BasicBulletType",
    "inaccuracy": 28,
    "width": 10,"height": 50,
    "sprite":"饱和火力-导弹",
    "speed": 15,
    "weaveMag":2,
	"weaveScale":3,
    "lifetime":44,
    "scaleLife": true,
	"ammoMultiplier": 15,
	"status":"干扰",
	"statusDuration":10,
    "trailLength": 12,
    "trailWidth": 3,
    "trailColor": "76D081FF",
    "shrinkY":0,"shrinkX":0,
    "backColor":"76D081FF",
    "frontColor":"76D081FF", 
    "hitEffect":{
        "type": "MultiEffect",
            "effects": [
            {"type": "ParticleEffect",
            "particles": 3,
            "sizeFrom": 8,
            "sizeTo": 0,
            "length": 18,
            "baseLength": 20,
            "lifetime": 25,
            "colorFrom": "76D08180",
            "colorTo": "76D081FF",
            "cone": 360},
            {"type": "WaveEffect",
            "lifetime": 15,
            "sizeFrom": 1,
            "sizeTo": 35,
            "strokeFrom": 3,
            "strokeTo": 0,
            "colorFrom": "FFFFFF",
            "colorTo": "FFFFFF"}]
    },
    "hitSound":"none",
    "despawnEffect":"none",
    "shootEffect": "none",
    "smokeEffect":{
    "type": "ParticleEffect",
    "particles": 3,
    "sizeFrom": 3,
    "sizeTo": 0,
    "length": 18,
    "baseLength": 0,
    "lifetime": 25,
    "colorFrom": "76D081FF",
    "colorTo": "FFFFFF",
    "cone": 60},
    "damage":1,
    "collidesTeam":true,
    "healPercent":2,
    "splashDamageRadius":35,
    "splashDamage":5,
    "fragBullets":1,
    "fragBullet":{
	"type":"EmpBulletType",
    "instantDisappear":true,
 	"status":"拆解",
 	"statusDuration":300,
    "splashDamageRadius":160,
    "splashDamage":3,
	"width":0,"height":0,
	"damage":1,	
    "backColor":"76D081FF",
    "frontColor":"FFFFFF",
    "speed":1,
    "hitSound":"plasmaboom",
    "hitEffect":"greenBomb",
"despawnEffect":"none"
    }
	}

    },
	"requirements": [
        "thorium/280",
        "graphite/130",
        "硅钢/350",
        "surge-alloy/430",
        "二级协议/2"
	],
	"category": "turret",
	"research": "雷阵雨"
	}