{
	"type": "PowerTurret",
	"name": "裂爆",
	"description": "中型震爆武器，聚集能量团投向敌人造成短暂瘫痪。",
	"targetAir": true,
	"targetGround": true,
	"health": 1700,
	"size": 2, 
    "accurateDelay":true,
	"shootSound":"laser",
	"shoot":{
		"type":"ShootPattern",
		"firstShotDelay":50
	},
	"moveWhileCharging": false,
    "chargeSound":"lasercharge2",
	"shake":1,
	"inaccuracy": 1,
	"recoil": 2,
	"recoilTime":30, 
	"shootType": {
	"type": "BasicBulletType",
	"damage": 100,
	"status":"unmoving",
	"statusDuration":45,
	"splashDamageRadius":85,
	"splashDamage":40,
	"ammoMultiplier":1,
	"frontColor":"FFFFFF",
	"backColor":"BFFFDBFF",
	"width": 17,	"height": 17,
	"hitEffect":"bigShockwave",
	"despawnEffect":"bigShockwave",
	"speed": 5,
	"lifetime": 45,
	"chargeEffect":{
		"type": "MultiEffect",
		"lifetime": 80,
		"effects": [
		   {     
		"type": "ParticleEffect",
		"particles": 8,
		"sizeFrom": 0,
		"sizeTo": 2,
		"length": 80,
		"baseLength": -80,
		"lifetime": 45,
		"colorFrom": "FFFFFF",
		"colorTo": "BFFFDBFF",
		"cone": 360
		   },
		   {     
		"type": "ParticleEffect",
		"particles": 1,
		"sizeFrom": 0,
		"sizeTo": 5,
		"length": 0,
		"baseLength": -0,
		"lifetime": 50,
		"colorFrom": "FFFFFF",
		"colorTo": "BFFFDBFF",
		"cone": 360
		   } ]
		   },
	"fragBullets":8,
    "fragBullet":{
	"trailEffect": "none",
    "hitEffect":"none",
    "despawnEffect":"none",
	"frontColor":"FFFFFF",
	"backColor":"BFFFDBFF",
	"damage":8,
	"splashDamageRadius":16,
	"splashDamage":16,
	"speed": 6,	"lifetime":8
 }},
	"shootEffect": "bigShockwave",
	"consumes": {"power":8},
	"reload": 90,
	"rotateSpeed": 13,
	"range": 216,
	"category": "turret",
	"research": "先驱",
	"requirements": [
	{ "item": "lead", "amount":90},
	{ "item": "硅钢", "amount":40}
	]
}
