{
	"type": "LiquidTurret",
	"name": "铁流",
	"description": "将液体以高速度射出冲击敌人",
	"health": 2500,
	"size": 3,
	"reload":24,
	"range": 208,
	"recoilTime":30,
	"recoil": 3,
	"shootSound":"shotgun",
	"targetGround":true,
	"targetAir":true,
	"inaccuracy": 2,
	"shoot":{
	    "type":"ShootSpread",
	    "shots":3,
	    "spread":0
	},
	"shake":2,
	"rotateSpeed": 9,   
	"liquidCapacity": 10,
	"ammoTypes": {
		"slag": {
	"type":"RailBulletType",
	"damage": 135,
	"knockback":3,
	"lifetime":30,
	"length": 240, 
	"pierce":true,
    "pierceDamageFactor":0.5,
	"hitEffect": "hitMeltdown",	
	"status":"melting",
	"statusDuration":600,
	"pointEffect": "railTrail",
	"shootEffect": "instShoot",
	"smokeEffect":"none"
},    
"硝化重油":{
    "type": "RailBulletType",
	"pointEffect":{
		"type": "ParticleEffect",
		"particles": 1,
		"strokeFrom": 3,
		"strokeTo": 0,
		"lenFrom": 10,
		"lenTo": 10,
		"line": true,
		"length": 1,
		"baseLength": -1,
		"lifetime": 20,
		"colorFrom": "E3E3E3",
		"colorTo": "E3E3E3",
		"cone": 0
	},
	"shootEffect":"none",
    "smokeEffect":"none",
	"length": 240,
	"lifetime":10,
    "knockback":22,
    "statusDuration":60,
	"status":"油蚀",	
	"hitEffect":"flakExplosionBig",
    "despawnEffect":"none",
	"splashDamage":33,	
	"splashDamageRadius":30 } },
	"requirements": [
		{ "item": "lead", "amount": 350 },
		{ "item": "metaglass", "amount": 180 },
		{ "item": "titanium", "amount": 120 },
		{ "item": "thorium", "amount": 100 }
	],
	"category": "turret",
	"research": "tsunami"
	}