{
    "type": "ItemTurret",
    "name": "错位",
    "description": "发射高相位震荡波，对护盾杀伤效果显著。每穿过敌方单位，后方伤害增加一倍。撕碎敌人！",
    "details": "[red]连你的设备一起！不到万不得已，不要使用裂位能直接攻击敌方单位！",
    "canOverdrive": false,
    "health": 2650,
    "armor":6,
    "size": 5,
    "heatColor": "FFD197FF",
    "reload": 190,
    "range": 346,
    "maxAmmo": 15,
    "ammoPerShot": 5,
    "recoilTime": 80,
    "recoil": 5,
    "cooldownTime": 90,
    "shake": 4,
    "liquidCapacity": 60,
    "ammoUseEffect": "none",
    "targetGround": true,
    "targetAir": true,
    "inaccuracy": 0,
    "shootSound": "plasmaboom",
    "rotateSpeed": 2.5,
    "coolantMultiplier": 0.7,
    "consumes": {
        "power": 30,
        "coolant": {
            "amount": 1,
            "optional": true
        }
    },
    "ammoTypes": {
        "phase-fabric": {
            "type":"BasicBulletType",
            "damage": 185,
            "knockback": 50,
            "shootEffect": {
"type": "ParticleEffect",
"particles": 9,
"sizeFrom": 8,
"sizeTo": 0,
"length": 65,
"baseLength": 9,
"lifetime": 15,
"colorFrom": "FEEBB3FF",
"colorTo": "ffffff",
"cone": 40
            },
            "despawnEffect": "none",
            "hitEffect": {
"type": "MultiEffect",
"effects": [
    {
    "type": "ParticleEffect",
    "particles": 9,
    "sizeFrom": 8,
    "sizeTo": 0,
    "length": 65,
    "baseLength": 9,
    "lifetime": 15,
    "colorFrom": "FEEBB3FF",
    "colorTo": "ffffff",
    "cone": 40
    },
    {
    "type": "WaveEffect",
    "lifetime": 10,
    "sizeFrom": 2,
    "sizeTo": 60,
    "strokeFrom": 5,
    "strokeTo": 0,
    "colorFrom": "FEEBB3FF",
    "colorTo": "FEEBB3FF"
    }
]
            },
            "hitSound": "laser",
            "shrinkY": 0,
            "width": 12,
            "height": 28,
            "frontColor": "FFFFFF",
            "backColor": "FEEBB3FF",
            "trailLength": 8,
            "trailWidth": 3,
            "trailColor": "FEEBB3FF",
            "speed": 12,
            "lifetime": 30,
            "splashDamageRadius": 64,
            "splashDamage": 95,
            "ammoMultiplier": 1,
            "pierce": true,
            "bulletInterval": 0.5,
            "intervalBullets": 1,
            "intervalRandomSpread": 60,
            "intervalSpread": 10,
            "intervalAngle": 0,
            "intervalBullet": {
"type":"BasicBulletType",
"hitEffect": {
    "type": "MultiEffect",
    "effects": [
    {
        "type": "ParticleEffect",
        "particles": 5,
        "sizeFrom": 4,
        "sizeTo": 0,
        "length": 45,
        "baseLength": 9,
        "lifetime": 15,
        "colorFrom": "FEEBB3FF",
        "colorTo": "ffffff",
        "cone": 40
    },
    {
        "type": "WaveEffect",
        "lifetime": 10,
        "sizeFrom": 2,
        "sizeTo": 40,
        "strokeFrom": 3,
        "strokeTo": 0,
        "colorFrom": "FEEBB3FF",
        "colorTo": "FEEBB3FF"
    }
    ]
},
"despawnEffect": "instBomb",
"hitSound": "laser",
"width": 10,
"height": 4,
"speed": 16,
"lifetime": 2,
"damage": 25,
"pierce": true,
"collides": true,
"splashDamageRadius": 40,
"splashDamage": 45
            }
        },
        "裂位能": {
            "type":"BasicBulletType",
            "damage": 240,
            "pierce": true,
            "shootEffect": {
"type": "ParticleEffect",
"particles": 15,
"sizeFrom": 9,
"sizeTo": 0,
"length": 85,
"baseLength": 9,
"lifetime": 15,
"colorFrom": "FEEBB3FF",
"colorTo": "ffffff",
"cone": 70
            },
            "despawnEffect": "none",
            "hitEffect": {
"type": "MultiEffect",
"effects": [
    {
    "type": "ParticleEffect",
    "particles": 15,
    "sizeFrom": 9,
    "sizeTo": 0,
    "length": 85,
    "baseLength": 9,
    "lifetime": 15,
    "colorFrom": "FEEBB3FF",
    "colorTo": "ffffff",
    "cone": 70
    },
    {
    "type": "WaveEffect",
    "lifetime": 10,
    "sizeFrom": 5,
    "sizeTo": 80,
    "strokeFrom": 9,
    "strokeTo": 0,
    "colorFrom": "FEEBB3FF",
    "colorTo": "FEEBB3FF"
    }
]
            },
            "hitSound": "plasmaboom",
            "shrinkY": 0,
            "sprite": "饱和火力-透彻",
            "width": 12,
            "height": 40,
            "frontColor": "FFFFFF",
            "backColor": "FEEBB3FF",
            "trailLength": 10,
            "trailWidth": 2,
            "trailColor": "FEEBB3FF",
            "bulletInterval": 0.5,
            "intervalBullets": 1,
            "intervalRandomSpread": 60,
            "intervalSpread": 8,
            "intervalAngle": 0,
            "intervalBullet": {
"type":"BasicBulletType",
"hitEffect": {
    "type": "MultiEffect",
    "effects": [
    {
        "type": "ParticleEffect",
        "particles": 8,
        "sizeFrom": 6,
        "sizeTo": 0,
        "length": 55,
        "baseLength": 9,
        "lifetime": 15,
        "colorFrom": "FEEBB3FF",
        "colorTo": "ffffff",
        "cone": 40
    },
    {
        "type": "WaveEffect",
        "lifetime": 10,
        "sizeFrom": 6,
        "sizeTo": 50,
        "strokeFrom": 6,
        "strokeTo": 0,
        "colorFrom": "FEEBB3FF",
        "colorTo": "FEEBB3FF"
    }
    ]
},
"despawnEffect": "instBomb",
"hitSound": "plasmaboom",
"width": 0,
"height": 0,
"damage": 36,
"collides": false,
"splashDamageRadius": 52,
"splashDamage": 55,
"lifetime": 30,
"speed": 0.5,
"lightningDamage": 15,
"lightning": 3,
"lightningLength": 6
            },
            "speed": 16,
            "lifetime": 30,
            "splashDamageRadius": 80,
            "splashDamage": 170,
            "ammoMultiplier": 3,
            "fragRandomSpread": 0,
            "fragBullets": 1,
            "fragBullet": {
"pierce": true,
"hitEffect": {
    "type": "MultiEffect",
    "effects": [
    {
        "type": "ParticleEffect",
        "particles": 8,
        "sizeFrom": 6,
        "sizeTo": 0,
        "length": 55,
        "baseLength": 9,
        "lifetime": 15,
        "colorFrom": "FEEBB3FF",
        "colorTo": "ffffff",
        "cone": 40
    },
    {
        "type": "WaveEffect",
        "lifetime": 10,
        "sizeFrom": 6,
        "sizeTo": 50,
        "strokeFrom": 6,
        "strokeTo": 0,
        "colorFrom": "FEEBB3FF",
        "colorTo": "FEEBB3FF"
    }
    ]
},
"despawnEffect": "instBomb",
"hitSound": "plasmaboom",
"width": 0,
"height": 0,
"damage": 36,
"collides": true,
"splashDamageRadius": 52,
"splashDamage": 55,
"lifetime": 9,
"speed": 4,
"lightningDamage": 15,
"lightning": 3,
"lightningLength": 6,
"fragRandomSpread": 0,
"fragBullets": 1,
"fragBullet": {
    "pierce": true,
    "hitEffect": {
    "type": "MultiEffect",
    "effects": [
        {
            "type": "ParticleEffect",
            "particles": 8,
            "sizeFrom": 6,
            "sizeTo": 0,
            "length": 55,
            "baseLength": 9,
            "lifetime": 15,
            "colorFrom": "FEEBB3FF",
            "colorTo": "ffffff",
            "cone": 40
        },
        {
            "type": "WaveEffect",
            "lifetime": 10,
            "sizeFrom": 6,
            "sizeTo": 50,
            "strokeFrom": 6,
            "strokeTo": 0,
            "colorFrom": "FEEBB3FF",
            "colorTo": "FEEBB3FF"
        }
    ]
    },
    "despawnEffect": "instBomb",
    "hitSound": "plasmaboom",
    "width": 0,
    "height": 0,
    "damage": 36,
    "collides": true,
    "splashDamageRadius": 52,
    "splashDamage": 55,
    "lifetime": 9,
    "speed": 4,
    "lightningDamage": 15,
    "lightning": 3,
    "lightningLength": 6,
    "fragRandomSpread": 0,
    "fragBullets": 1,
    "fragBullet": {
    "pierce": true,
    "hitEffect": {
        "type": "MultiEffect",
        "effects": [
            {
"type": "ParticleEffect",
"particles": 8,
"sizeFrom": 6,
"sizeTo": 0,
"length": 55,
"baseLength": 9,
"lifetime": 15,
"colorFrom": "FEEBB3FF",
"colorTo": "ffffff",
"cone": 40
            },
            {
"type": "WaveEffect",
"lifetime": 10,
"sizeFrom": 6,
"sizeTo": 50,
"strokeFrom": 6,
"strokeTo": 0,
"colorFrom": "FEEBB3FF",
"colorTo": "FEEBB3FF"
            }
        ]
    },
    "despawnEffect": "instBomb",
    "hitSound": "plasmaboom",
    "width": 0,
    "height": 0,
    "damage": 36,
    "collides": true,
    "splashDamageRadius": 52,
    "splashDamage": 55,
    "lifetime": 9,
    "speed": 4,
    "lightningDamage": 15,
    "lightning": 3,
    "lightningLength": 6,
    "fragRandomSpread": 0,
    "fragBullets": 1,
    "fragBullet": {
        "hitEffect": {
            "type": "MultiEffect",
            "effects": [
{
    "type": "ParticleEffect",
    "particles": 8,
    "sizeFrom": 6,
    "sizeTo": 0,
    "length": 55,
    "baseLength": 9,
    "lifetime": 15,
    "colorFrom": "FEEBB3FF",
    "colorTo": "ffffff",
    "cone": 40
},
{
    "type": "WaveEffect",
    "lifetime": 10,
    "sizeFrom": 6,
    "sizeTo": 50,
    "strokeFrom": 6,
    "strokeTo": 0,
    "colorFrom": "FEEBB3FF",
    "colorTo": "FEEBB3FF"
}
            ]
        },
        "despawnEffect": "instBomb",
        "hitSound": "plasmaboom",
        "width": 0,
        "height": 0,
        "damage": 36,
        "collides": true,
        "splashDamageRadius": 52,
        "splashDamage": 55,
        "lifetime": 9,
        "speed": 4,
        "lightningDamage": 15,
        "lightning": 3,
        "lightningLength": 6,
        "fragRandomSpread": 0,
        "fragBullets": 1,
        "fragBullet": {
            "hitEffect": {
"type": "MultiEffect",
"effects": [
    {
"type": "ParticleEffect",
"particles": 8,
"sizeFrom": 6,
"sizeTo": 0,
"length": 55,
"baseLength": 9,
"lifetime": 15,
"colorFrom": "FEEBB3FF",
"colorTo": "ffffff",
"cone": 40
    },
    {
"type": "WaveEffect",
"lifetime": 10,
"sizeFrom": 6,
"sizeTo": 50,
"strokeFrom": 6,
"strokeTo": 0,
"colorFrom": "FEEBB3FF",
"colorTo": "FEEBB3FF"
    }
]
            },
            "despawnEffect": "instBomb",
            "hitSound": "plasmaboom",
            "width": 0,
            "height": 0,
            "damage": 36,
            "collides": true,
            "splashDamageRadius": 52,
            "splashDamage": 55,
            "lifetime": 9,
            "speed": 4,
            "lightningDamage": 15,
            "lightning": 3,
            "lightningLength": 6,
            "fragRandomSpread": 0,
            "fragBullets": 1,
            "fragBullet": {
"hitEffect": {
    "type": "MultiEffect",
    "effects": [
{
        "type": "ParticleEffect",
        "particles": 8,
        "sizeFrom": 6,
        "sizeTo": 0,
        "length": 55,
        "baseLength": 9,
        "lifetime": 15,
        "colorFrom": "FEEBB3FF",
        "colorTo": "ffffff",
        "cone": 40
},
{
        "type": "WaveEffect",
        "lifetime": 10,
        "sizeFrom": 6,
        "sizeTo": 50,
        "strokeFrom": 6,
        "strokeTo": 0,
        "colorFrom": "FEEBB3FF",
        "colorTo": "FEEBB3FF"
}
    ]
},
"despawnEffect": "instBomb",
"hitSound": "plasmaboom",
"width": 0,
"height": 0,
"damage": 36,
"collides": true,
"splashDamageRadius": 52,
"splashDamage": 55,
"lifetime": 9,
"speed": 4,
"lightningDamage": 15,
"lightning": 3,
"lightningLength": 6,
"fragRandomSpread": 0,
"fragBullets": 1,
"fragBullet": {
    "hitEffect": {
"type": "MultiEffect",
"effects": [
        {
            "type": "ParticleEffect",
            "particles": 8,
            "sizeFrom": 6,
            "sizeTo": 0,
            "length": 55,
            "baseLength": 9,
            "lifetime": 15,
            "colorFrom": "FEEBB3FF",
            "colorTo": "ffffff",
            "cone": 40
        },
        {
            "type": "WaveEffect",
            "lifetime": 10,
            "sizeFrom": 6,
            "sizeTo": 50,
            "strokeFrom": 6,
            "strokeTo": 0,
            "colorFrom": "FEEBB3FF",
            "colorTo": "FEEBB3FF"
        }
]
    },
    "despawnEffect": "instBomb",
    "hitSound": "plasmaboom",
    "width": 0,
    "height": 0,
    "damage": 36,
    "collides": true,
    "splashDamageRadius": 52,
    "splashDamage": 55,
    "lifetime": 9,
    "speed": 4,
    "lightningDamage": 15,
    "lightning": 3,
    "lightningLength": 6,
    "fragRandomSpread": 0,
    "fragBullets": 1,
    "fragBullet": {
"hitEffect": {
        "type": "MultiEffect",
        "effects": [
            {
"type": "ParticleEffect",
"particles": 8,
"sizeFrom": 6,
"sizeTo": 0,
"length": 55,
"baseLength": 9,
"lifetime": 15,
"colorFrom": "FEEBB3FF",
"colorTo": "ffffff",
"cone": 40
            },
            {
"type": "WaveEffect",
"lifetime": 10,
"sizeFrom": 6,
"sizeTo": 50,
"strokeFrom": 6,
"strokeTo": 0,
"colorFrom": "FEEBB3FF",
"colorTo": "FEEBB3FF"
            }
        ]
},
"despawnEffect": "instBomb",
"hitSound": "plasmaboom",
"width": 0,
"height": 0,
"damage": 36,
"collides": true,
"splashDamageRadius": 52,
"splashDamage": 55,
"lifetime": 9,
"speed": 4,
"lightningDamage": 15,
"lightning": 3,
"lightningLength": 6,
"fragRandomSpread": 0,
"fragBullets": 1,
"fragBullet": {
        "hitEffect": {
            "type": "MultiEffect",
            "effects": [
{
    "type": "ParticleEffect",
    "particles": 8,
    "sizeFrom": 6,
    "sizeTo": 0,
    "length": 55,
    "baseLength": 9,
    "lifetime": 15,
    "colorFrom": "FEEBB3FF",
    "colorTo": "ffffff",
    "cone": 40
},
{
    "type": "WaveEffect",
    "lifetime": 10,
    "sizeFrom": 6,
    "sizeTo": 50,
    "strokeFrom": 6,
    "strokeTo": 0,
    "colorFrom": "FEEBB3FF",
    "colorTo": "FEEBB3FF"
}
            ]
        },
        "despawnEffect": "instBomb",
        "hitSound": "plasmaboom",
        "width": 0,
        "height": 0,
        "damage": 36,
        "collides": true,
        "splashDamageRadius": 52,
        "splashDamage": 55,
        "lifetime": 9,
        "speed": 4,
        "lightningDamage": 15,
        "lightning": 3,
        "lightningLength": 6,
        "fragRandomSpread": 0,
        "fragBullets": 1,
        "fragBullet": {
            "hitEffect": {
"type": "MultiEffect",
"effects": [
    {
"type": "ParticleEffect",
"particles": 8,
"sizeFrom": 6,
"sizeTo": 0,
"length": 55,
"baseLength": 9,
"lifetime": 15,
"colorFrom": "FEEBB3FF",
"colorTo": "ffffff",
"cone": 40
    },
    {
"type": "WaveEffect",
"lifetime": 10,
"sizeFrom": 6,
"sizeTo": 50,
"strokeFrom": 6,
"strokeTo": 0,
"colorFrom": "FEEBB3FF",
"colorTo": "FEEBB3FF"
    }
]
            },
            "despawnEffect": "instBomb",
            "hitSound": "plasmaboom",
            "width": 0,
            "height": 0,
            "damage": 36,
            "collides": true,
            "splashDamageRadius": 52,
            "splashDamage": 55,
            "lifetime": 9,
            "speed": 4,
            "lightningDamage": 15,
            "lightning": 3,
            "lightningLength": 6,
            "fragRandomSpread": 0,
            "fragBullets": 1,
            "fragBullet": {
"hitEffect": {
    "type": "MultiEffect",
    "effects": [
{
    "type": "ParticleEffect",
    "particles": 8,
    "sizeFrom": 6,
    "sizeTo": 0,
    "length": 55,
    "baseLength": 9,
    "lifetime": 15,
    "colorFrom": "FEEBB3FF",
    "colorTo": "ffffff",
    "cone": 40
},
{
    "type": "WaveEffect",
    "lifetime": 10,
    "sizeFrom": 6,
    "sizeTo": 50,
    "strokeFrom": 6,
    "strokeTo": 0,
    "colorFrom": "FEEBB3FF",
    "colorTo": "FEEBB3FF"
}
    ]
},
"despawnEffect": "instBomb",
"hitSound": "plasmaboom",
"width": 0,
"height": 0,
"damage": 36,
"collides": true,
"splashDamageRadius": 52,
"splashDamage": 55,
"lifetime": 9,
"speed": 4,
"lightningDamage": 15,
"lightning": 3,
"lightningLength": 6,
"fragRandomSpread": 0,
"fragBullets": 1,
"fragBullet": {
    "hitEffect": {
"type": "MultiEffect",
"effects": [
    {
            "type": "ParticleEffect",
            "particles": 8,
            "sizeFrom": 6,
            "sizeTo": 0,
            "length": 55,
            "baseLength": 9,
            "lifetime": 15,
            "colorFrom": "FEEBB3FF",
            "colorTo": "ffffff",
            "cone": 40
    },
    {
            "type": "WaveEffect",
            "lifetime": 10,
            "sizeFrom": 6,
            "sizeTo": 50,
            "strokeFrom": 6,
            "strokeTo": 0,
            "colorFrom": "FEEBB3FF",
            "colorTo": "FEEBB3FF"
    }
]
    },
    "despawnEffect": "instBomb",
    "hitSound": "plasmaboom",
    "width": 0,
    "height": 0,
    "damage": 36,
    "collides": true,
    "splashDamageRadius": 52,
    "splashDamage": 55,
    "lifetime": 9,
    "speed": 4,
    "lightningDamage": 15,
    "lightning": 3,
    "lightningLength": 6
}
            }
        }
}
    }
}
            }
        }
    }
    }
}
            }
        }
    },
    "requirements": [
        {
            "item": "镄",
            "amount": 280
        },
        {
            "item": "silicon",
            "amount": 320
        },
        {
            "item": "plastanium",
            "amount": 300
        },
        {
            "item": "phase-fabric",
            "amount": 100
        },
        {
            "item": "泰勒合金",
            "amount": 90
        },
        {
            "item": "二级协议",
            "amount": 2
        }
    ],
    "category": "turret",
    "research": "foreshadow"
}