{
	"type": "ItemTurret",
	"name": "龙卷",
	"description": "发射螺旋弹头覆盖前方区域",
	"details":"火力密度与炮塔数量成正比",
	"health": 1650,
	"size": 3,
	"shoot":{
		"type":"ShootAlternate",
		"barrels":2,
		"spread":10
	},
	"consumes": {
		"coolant":{"amount":0.3,"optional":true}  
			},
	"reload":5,
	"range": 250,
    "maxAmmo":60,
    "coolantMultiplier":1.5,
	"recoilTime":10,
	"recoil":3,
	"shake":1.8,
    "liquidCapacity": 30,
	"ammoUseEffect": "none",
	"targetGround":true,
	"targetAir":true,
	"inaccuracy": 8,
	"rotateSpeed": 10,
	"ammoTypes": {	
	"metaglass":{
  "type":"BasicBulletType",
	"ammoMultiplier":4,	  
	"speed": 4.5,
	"lifetime":60,
	"width": 14,
	"height": 15,
	"damage":5,	
	"weaveMag":4,
	"weaveScale":4,
	"shootEffect": "shootBig",
    "hitSize":25,
	"splashDamageRadius":25,
	"splashDamage":30,
	"reloadMultiplier":0.85,
	"hitEffect":"flakExplosion",
    "despawnEffect":"flakExplosion",
       "fragBullets":7,
       "fragBullet":{
		"type":"BasicBulletType", 
		"despawnEffect":"none",
		"width":4,
		"damage":7,
		"height":4,
        "lifetime":30,
        "speed":1.5
            }
	    } ,
	"blast-compound":{
    "type":"BasicBulletType",
    "speed": 4.5,
    "lifetime":60,
	"width": 14,
	"height": 15,
	"damage":7,
	"weaveMag":4,
	"weaveScale":4,
	"status":"blasted",
  	"statusDuration":60,
    "hitSize":35,
	"shootEffect": "shootBig",
	"splashDamageRadius":40,
	"splashDamage":45,
	"hitEffect":"flakExplosionBig",
    "despawnEffect":"flakExplosionBig",
    "ammoMultiplier":6
		},
    "集束":{
  "type":"BasicBulletType",
	    "speed": 3.5,  
	    "keepVelocity":false,
	    "lifetime":70,
		"width": 16,"height": 15,
		"damage":8,
	"weaveMag":4,
	"weaveScale":4,
    "hitSize":30,
	"reloadMultiplier":0.65,
		"shootEffect": "shootBig",
		"splashDamageRadius":20,
		"splashDamage":20,
		"hitEffect":"flakExplosionBig",
        "despawnEffect":"flakExplosionBig",
        "ammoMultiplier":6,
        "fragLifeMin":0.1,
        "fragBullets":5,
        "fragBullet":{
		"type":"BasicBulletType",
		"despawnEffect":"flakExplosionBig",
		"status":"blasted",
		"statusDuration":600,
		"width":8,	"height":9,
		"damage":8,
		"splashDamageRadius":40,
		"splashDamage":45,
        "lifetime":20,
        "speed":2.5,
        "keepVelocity":false,
        "drag":0.005
      }
	},	
    "plastanium":{
  "type":"BasicBulletType",
	    "speed": 4.5,
	    "lifetime":60,
		"width": 14,
		"height": 15,
		"damage":8,
	"weaveMag":4,
	"weaveScale":4,
    "hitSize":30,
		"shootEffect": "shootBig",
		"splashDamageRadius":40,
		"splashDamage":43,
		"hitEffect":"flakExplosionBig",
        "despawnEffect":"flakExplosionBig",
        "ammoMultiplier":4,
        "fragBullets":8,
        "fragBullet":{
		"type":"BasicBulletType",
		"despawnEffect":"none",
		"width":10,	
		"height":4,
		"damage":16,
        "lifetime":20,
        "speed":2.5,
        "drag":0.005
      }
	},
	"裂位能": {
     "type":"PointBulletType",
     "damage":45,
     "trailEffect": "none",
     "despawnEffect":"instBomb",
     "hitEffect":"instBomb",
     "hitSound":"plasmaboom",
	 "speed":30,
	 "lifetime":60,
	 "splashDamageRadius":35,
	 "splashDamage":50,
     "ammoMultiplier": 4
},
	"硅钢":{
    "type":"BasicBulletType",
    "speed": 4.5,
    "lifetime":60,
	"width": 14,
	"height": 15,
	"damage":5,
	"weaveMag":4,
	"weaveScale":4,
    "hitSize":30,
	"shootEffect": "shootBig",
	"splashDamageRadius":32,
	"splashDamage":25,
	"status":"unmoving",
	"statusDuration":60,
	"hitEffect":"flakExplosionBig",
    "despawnEffect":"flakExplosionBig",
    "ammoMultiplier":4 
		},
	"surge-alloy":{
    "type":"BasicBulletType",
    "speed": 4.5,
    "lifetime":60,
	"width": 14,
	"height": 15,
	"damage":15,
	"weaveMag":4,
	"weaveScale":4,
    "hitSize":40,
	"shootEffect": "shootBig",
	"splashDamageRadius":45,
	"splashDamage":75,
	"hitEffect":"flakExplosionBig",
    "despawnEffect":"flakExplosionBig",
    "ammoMultiplier":6,	 
    "lightningDamage":17,
    "lightning":3,
    "lightningLength":7
		}
	    
	},
	"requirements": [
		{ "item": "copper", "amount": 180 },
		{ "item": "graphite", "amount": 95 },
		{ "item": "plastanium","amount":70},
		{ "item": "surge-alloy","amount":35},
		{ "item": "二级协议","amount":0}
	],
	"category": "turret",
	"research": "cyclone"
	}