{
	"type":"legs",
	   "legCount": 8,
       "legLength": 64,
       "legMoveSpace": 5,
       "legTrns": 0.5,
       "hovering": true,
       "visualElevation": 0.89,
       "allowLegStep": true,
	"name":"M.A.D.M.A.N.",
	"description":"50mm钨芯装甲，16枚24000吨当量三叠聚变弹头，需要时间启动。过于危险，不可运载，保持距离，不要靠近！",	
	"details":"同志，行走的大伊万！",
	"speed":0.3,
	"hitSize":55,
	"health":28000,
	"armor":16,
	"rotateWeapon": false,
	"mass":160,
	"rotateSpeed":3,
	"attackLength":8,	
	"weapons": [{
	    "x":0,"y":0,
		"ignoreRotation": true,
		"reload":120,
    	"shots": 1,
		"alternate": false,   
		"shootSound":"lasercharge",
		"shootEffect":"greenLaserCharge",
		"shootStatus": "unmoving",
		"shootStatusDuration": 120,
		"firstShotDelay":70,
		"bullet":{
		"type":"PointBulletType",
		"trailEffect": "none",
		"splashDamageRadius":160,
		"splashDamage":700,
		"speed":4,
		"Width":0,	"Height":0,	  
		"hitSound":"大爆炸",	
		"shootEffect":"greenLaserCharge",
		"despawnEffect":"none",
		"hitEffect":"none",
        "killShooter":true,
		"lifetime":10,
        "instantDisappear":true,
    "fragBullets":16,
    "fragBullet":{
		"type":"PointBulletType",
		"splashDamageRadius":240,
		"splashDamage":8000,
		"speed":16,
		"hitSound":"大爆炸",	
		"despawnEffect":"nuclearcloud",
		"hitEffect":"nuclearcloud",
		"lifetime":1,   
		"instantDisappear":true,
    "fragBullets":1,
    "fragBullet":{
		"type":"PointBulletType",
		"trailEffect": "none",
		"splashDamageRadius":240,
		"splashDamage":8000,
		"speed":8,
		"width":0,
		"height":0,	
		"hitSound":"大爆炸",	
		"despawnEffect":"nuclearcloud",
		"hitEffect":"nuclearcloud",
		"lifetime":1,
        "instantDisappear":true,
    "fragBullets":1,
    "fragBullet":{
		"type":"PointBulletType",
		"trailEffect": "none",
		"splashDamageRadius":240,
		"splashDamage":8000,
		"speed":8,
		"width":0,
		"height":0,	
		"hitSound":"大爆炸",	
		"despawnEffect":"nuclearcloud",
		"hitEffect":"nuclearcloud",
		"lifetime":1,
        "instantDisappear":true
}}}}}]
}