{
	"type":"PointDefenseTurret",
	"name":"消去",
	"description":"大型拦截装置。击毁来袭的子弹或导弹。",
	"size":3,
	"health":2000,
	"range":400,
	"hasPower":true,
	"shootY":0,
	"rotateSpeed":20,
	"bulletDamage":200,
	"reload":1,
	"consumes":{
		"power":15,
	"liquid": {
       "liquid": "cryofluid",
       "amount": 2
        }
	},
	"liquidCapacity": 120,
	"requirements":[
	"silicon/220",
	"镄/150",
	"泰勒合金/70",
	"裂位能/130"
	    ],
	"category":"turret",
	"research": "折跃"
}