{
	"type": "ItemTurret",
	"name": "火花",
	"description": "焚烧任何靠近它的敌人。中距离有效",
	"health": 1400,
	"size": 2,
	"reload":3,
	"range": 80,
    "maxAmmo":120,	
    "shootSound":"flame",
    "liquidCapacity": 30,
	"targetGround":true,
	"targetAir":true,
	"rotateSpeed": 15,
	"consumes": {
		"coolant":{"amount":0.2,"optional":true}  
			},
	"ammoTypes": {
	"coal": {
	"type":"FireBulletType",
	"damage": 22,
	"pirece":true,
	"status":"burning",
 	"statusDuration":240,
	"speed":6,
	"lifetime":14,
	"width":3,"height":3,
	"hitSize": 7,
	"ammoMultiplier":4,
	"shootEffect": "shootSmallFlame",
	"hitEffect":"hitFlameSmall",
	"despawnEffect":"none"
	},
	"pyratite": {
	"type":"FireBulletType",
	"damage": 65,
	"pirece":true,
	"status":"burning",
 	"statusDuration":360,
	"speed":6,
	"lifetime":16,	
	"width":3,"height":3,
	"hitSize":8,
	"ammoMultiplier":6,
	"shootEffect": "shootPyraFlame" ,
	"hitEffect":"hitFlameSmall",
	"despawnEffect":"none"
	},
	"石油桶": {
	"type":"FireBulletType",
	"damage": 75,
	"pirece":true,
	"status":"burning",
 	"statusDuration":420,
	"speed":8,
	"lifetime":16,
	"width":3,"height":30,
	"hitSize":9,
	"ammoMultiplier":30,
	"knockback":1,
	"shootEffect": "shootPyraFlame",
	"hitEffect":"hitFlameSmall",
	"despawnEffect":"none",
   "fragBullets": 2,
   "fragBullet": {
   "type": "LiquidBulletType",
   "liquid": "oil",
   "lifetime":10,
   "knockback":0.2,
   "spend": 0.2,
   "damage": 0.5
    }}
    },
	"requirements": [
		{ "item": "copper", "amount": 75 },
		{ "item": "graphite", "amount": 40 }
	],
	"category": "turret",
	"research": "scorch"
	}