{
	"type": "PowerTurret",
	"name": "蚁巢",
	"description": "向指定地点布雷，形成一片雷区
	地雷将在一分钟后自毁
	无火控系统，需要手动操控",
	"health": 1300,
	"size":3,
	"reloadTime": 600,
	"canOverdrive": false,
	"shootSound":"artillery",
	"shootShake":4,
	"targetGround":false,
	"targetAir":false,
	"range": 600,
	"restitution":0.01,
	"recoil": 80,
	"inaccuracy": 0,
	"rotateSpeed": 5,
	"powerUse": 10,
	"shootType": {
	"type":"PointBulletType",
		"speed": 5,
		"lifetime":1800,
		"width": 20,
		"height": 20,
		"damage":5,	
		"trailEffect": "none",
		"shootEffect": "shootBig2",
        "hitEffect":"none",
        "despawnEffect":"none",
        "fragBullets":15,
        "fragBullet":{
		"type":"BombBulletType",
		"width":8,"height":8,
		"splashDamageRadius":25,
		"splashDamage":20,
		"speed":2.5,
		"lifetime":3600,
		"hitTiles":false,
		"collides":true,  
		"hitEffect":"explosion",
        "despawnEffect":"explosion"
		}
    },
	"requirements": [
		{ "item": "copper", "amount": 150},
		{ "item": "graphite", "amount":130},
		{ "item": "titanium", "amount": 70},
		{ "item": "silicon", "amount": 90},
		{ "item": "一级协议", "amount": 100}
	],
	"category": "effect",
	"research": "战研"
}
