{
    "type": "flying",
    "name": "亚龙",
    "description": "信息缺失！",
    "details": "信息缺失！",
    "speed": 0.3,
    "accel": 0.05,
    "drag": 0.017,
    "flying": true,
    "engineOffset": 110,
    "engineSize": 38,
    "hitSize": 220,
    "immunities": [
        "blasted",
        "burning",
        "electrified",
        "freezing",
        "melting",
        "disarmed",
        "sapped",
        "shocked",
        "slow",
        "tarred",
        "unmoving",
        "wet",
        "spore-slowed",
        "corroded"
    ],
    "health": 650000,
    "armor": 360,
    "lowAltitude": true,
    "forceMultiTarget": true,
    "rotateSpeed": 0.5,
    "itemCapacity": 1000,
    "targetFlags": [
        "factory",
        "core"
    ],
    "abilities": [
        {
            "type": "EnergyFieldAbility",
            "damage": 20,
            "reload": 40,
            "range": 800,
            "healPercent": 5,
            "x": 0,
            "y": -48,
            "color": "FF5B5BFF",
            "effectRadius": 25,
            "sectorRad": 0.3,
            "rotateSpeed": 0.6,
            "hitEffect": {
                "type": "ParticleEffect",
                "particles": 9,
                "lenFrom": 10,
                "lenTo": 20,
                "strokeFrom": 4,
                "strokeTo": 0,
                "line": true,
                "length": 90,
                "baseLength": 0,
                "lifetime": 25,
                "colorFrom": "FF5B5BFF",
                "colorTo": "FF5B5BFF",
                "cone": 360
            },
            "damageEffect": "chainLightning",
            "status": "unmoving",
            "shootSound": "plasmaboom",
            "statusDuration": 10,
            "maxTargets": 800
        },
        {
            "type": "ShieldRegenFieldAbility",
            "amount": 200,
            "max": 3000,
            "reload": 70,
            "range": 640,
            "applyEffect": {
                "type": "MultiEffect",
                "effects": [
                    {
                        "type": "ParticleEffect",
                        "particles": 1,
                        "sizeFrom": 0,
                        "sizeTo": 640,
                        "length": 0,
                        "baseLength": 0,
                        "lifetime": 60,
                        "colorFrom": "FF5B5B18",
                        "colorTo": "FF5B5B00",
                        "cone": 0
                    },
                    {
                        "type": "WaveEffect",
                        "lifetime": 60,
                        "sizeFrom": 0,
                        "sizeTo": 640,
                        "strokeFrom": 4,
                        "strokeTo": 0,
                        "colorFrom": "FF5B5BFF",
                        "colorTo": "FF5B5BFF"
                    }
                ]
            },
            "activeEffect": {
                "type": "WaveEffect",
                "lifetime": 30,
                "sizeFrom": 0,
                "sizeTo": 640,
                "strokeFrom": 8,
                "strokeTo": 0,
                "colorFrom": "FEEBB3FF",
                "colorTo": "FEEBB3FF"
            }
        },
        {
            "type": "UnitSpawnAbility",
            "unit": "利刃",
            "spawnX": 0,
            "spawnY": 48,
            "spawnTime": 12000
        },
        {
            "type": "UnitSpawnAbility",
            "unit": "flare",
            "spawnX": -76,
            "spawnY": -84,
            "spawnTime": 600
        },
        {
            "type": "UnitSpawnAbility",
            "unit": "flare",
            "spawnX": 76,
            "spawnY": -84,
            "spawnTime": 600
        },
        {
            "type": "UnitSpawnAbility",
            "unit": "flare",
            "spawnX": -80,
            "spawnY": -112,
            "spawnTime": 600
        },
        {
            "type": "UnitSpawnAbility",
            "unit": "flare",
            "spawnX": 80,
            "spawnY": -112,
            "spawnTime": 600
        },
        {
            "type": "ForceFieldAbility",
            "radius": 360,
            "regen": 180,
            "max": 20000,
            "cooldown": 3000
        }
    ],
    "research": "亚龙",
    "weapons": [
        {
            "name": "眩晕",
            "x": 0,
            "y": 20,
            "reload": 100,
            "mirror": false,
            "rotate": true,
            "shootSound": "spark",
            "inaccuracy": 0,
            "shootCone": 360,
            "shake": 5,
            "bullet": {
                "instantDisappear": true,
                "status": "unmoving",
                "statusDuration": 60,
                "damage": 20,
                "splashDamageRadius": 400,
                "splashDamage": 500,
                "smokeEffect": {
                    "type": "WaveEffect",
                    "lifetime": 20,
                    "sizeFrom": 0,
                    "sizeTo": 500,
                    "strokeFrom": 12,
                    "strokeTo": 2,
                    "colorFrom": "C43333FF",
                    "colorTo": "FF5B5BFF"
                },
                "shootEffect": "none",
                "hitEffect": {
                    "type": "WaveEffect",
                    "lifetime": 60,
                    "sizeFrom": 80,
                    "sizeTo": 80,
                    "strokeFrom": 1,
                    "strokeTo": 1,
                    "colorFrom": "C43333FF",
                    "colorTo": "FF5B5BFF"
                },
                "despawnEffect": "none",
                "speed": 8,
                "lifetime": 50
            }
        },
        {
            "name": "火炮",
            "x": 0,
            "y": -48,
            "shootSound": "laser",
            "chargeSound": "lasercharge",
            "rotate": true,
            "rotateSpeed": 99,
            "mirror": false,
            "alternate": false,
            "shoot": {
                "type": "ShootHelix",
                "mag": 2,
                "scl": 4
            },
            "shake": 14,
            "reload": 1000,
            "recoil": 0,
            "autoTarget": true,
            "inaccuracy": 0.05,
            "bullet": {
                "type": "BasicBulletType",
                "width": 64,
                "height": 64,
                "shrinkY": 0,
                "splashDamage": 2750,
                "splashDamageRadius": 800,
                "scaleLife": true,
                "lifetime": 800,
                "speed": 4,
                "sprite": "circle-bullet",
                "trailLength": 30,
                "trailWidth": 16,
                "hitShake": 20,
                "hitSound": "DBZ",
                "backColor": "FF5B5BFF",
                "frontColor": "FFFFFF",
                "trailChance": 1,
                "trailInterval": 64,
                "trailEffect": {
                    "type": "WaveEffect",
                    "lifetime": 60,
                    "sizeFrom": 8,
                    "sizeTo": 80,
                    "strokeFrom": 3,
                    "strokeTo": 0,
                    "colorFrom": "FF5B5BFF",
                    "colorTo": "ffffff"
                },
                "trailColor": "FF5B5BFF",
                "hitEffect": {
                    "type": "MultiEffect",
                    "lifetime": 120,
                    "effects": [
                        {
                            "type": "ParticleEffect",
                            "particles": 50,
                            "sizeFrom": 20,
                            "sizeTo": 0,
                            "length": 800,
                            "baseLength": 8,
                            "lifetime": 90,
                            "colorFrom": "FF5B5BFF",
                            "colorTo": "FF5B5BFF",
                            "cone": 360
                        },
                        {
                            "type": "WaveEffect",
                            "lifetime": 15,
                            "sizeFrom": 8,
                            "sizeTo": 400,
                            "strokeFrom": 16,
                            "strokeTo": 0,
                            "colorFrom": "FF5B5BFF",
                            "colorTo": "FF5B5BFF"
                        },
                        {
                            "type": "WaveEffect",
                            "lifetime": 200,
                            "sizeFrom": 8,
                            "sizeTo": 800,
                            "strokeFrom": 48,
                            "strokeTo": 0,
                            "colorFrom": "FF5B5BFF",
                            "colorTo": "FF5B5BFF"
                        }
                    ]
                },
                "status": "unmoving",
                "statusDuration": 100,
                "collides": false,
                "shootEffect": {
                    "type": "WaveEffect",
                    "lifetime": 90,
                    "sizeFrom": 8,
                    "sizeTo": 350,
                    "strokeFrom": 25,
                    "strokeTo": 0,
                    "colorFrom": "FF5B5BFF",
                    "colorTo": "FF5B5BFF"
                },
                "smokeEffect": {
                    "type": "MultiEffect",
                    "lifetime": 120,
                    "effects": [
                        {
                            "type": "ParticleEffect",
                            "particles": 55,
                            "sizeFrom": 0,
                            "sizeTo": 8,
                            "length": 300,
                            "baseLength": -0,
                            "lifetime": 10,
                            "colorFrom": "C43333FF",
                            "colorTo": "FF5B5BFF",
                            "cone": 360
                        },
                        {
                            "type": "WaveEffect",
                            "lifetime": 180,
                            "sizeFrom": 1,
                            "sizeTo": 400,
                            "strokeFrom": 9,
                            "strokeTo": 0,
                            "colorFrom": "C43333FF",
                            "colorTo": "FF5B5BFF"
                        }
                    ]
                },
                "fragLifeMin": 0.3,
                "fragBullets": 135,
                "fragBullet": {
                    "hitEffect": {
                        "type": "MultiEffect",
                        "lifetime": 120,
                        "effects": [
                            {
                                "type": "ParticleEffect",
                                "particles": 9,
                                "sizeFrom": 8,
                                "sizeTo": 0,
                                "length": 60,
                                "baseLength": 8,
                                "lifetime": 15,
                                "colorFrom": "C43333FF",
                                "colorTo": "FF5B5BFF",
                                "cone": 360
                            },
                            {
                                "type": "ParticleEffect",
                                "particles": 16,
                                "sizeFrom": 20,
                                "sizeTo": 0,
                                "length": 0,
                                "baseLength": 80,
                                "lifetime": 125,
                                "colorFrom": "C43333FF",
                                "colorTo": "FF5B5BFF",
                                "cone": 360
                            },
                            {
                                "type": "WaveEffect",
                                "lifetime": 15,
                                "sizeFrom": 8,
                                "sizeTo": 80,
                                "strokeFrom": 3,
                                "strokeTo": 0,
                                "colorFrom": "C43333FF",
                                "colorTo": "FF5B5BFF"
                            }
                        ]
                    },
                    "despawnEffect": "none",
                    "sprite": "circle-bullet",
                    "status": "blasted",
                    "statusDuration": 60,
                    "collides": false,
                    "absorbable": false,
                    "shrinkY": 0,
                    "hitShake": 3,
                    "hitSound": "plasmaboom",
                    "backColor": "C43333FF",
                    "frontColor": "FF5B5BFF",
                    "lightningColor": "FF5B5BFF",
                    "width": 15,
                    "height": 15,
                    "lightningDamage": 92,
                    "lightning": 5,
                    "lightningLength": 25,
                    "splashDamageRadius": 80,
                    "splashDamage": 358,
                    "lifetime": 150,
                    "speed": 6,
                    "drag": 0.005
                }
            }
        },
        {
            "name": "聚爆",
            "reload": 200,
            "shootY": 20,
            "cooldownTime": 180,
            "x": 56,
            "y": 40,
            "rotate": true,
            "rotateSpeed": 1,
            "inaccuracy": 0,
            "shootSound": "release",
            "shake": 6,
            "bullet": {
                "type": "PointBulletType",
                "trailEffect": {
                    "type": "ParticleEffect",
                    "particles": 1,
                    "baseLength": 1,
                    "lifetime": 30,
                    "line": true,
                    "randLength": false,
                    "lenFrom": 10,
                    "lenTo": 10,
                    "strokeFrom": 10,
                    "strokeTo": 0,
                    "colorFrom": "FF5B5BFF",
                    "colorTo": "FF5B5B00",
                    "cone": 0
                },
                "trailSpacing": 6,
                "status": "碎解",
                "statusDuration": 600,
                "splashDamage": 750,
                "splashDamageRadius": 45,
                "speed": 180,
                "lifetime": 4,
                "hitSound": "plasmaboom",
                "shootEffect": {
                    "type": "MultiEffect",
                    "effects": [
                        {
                            "type": "WaveEffect",
                            "lifetime": 15,
                            "sizeFrom": 0,
                            "sizeTo": 100,
                            "strokeFrom": 3,
                            "strokeTo": 0,
                            "colorFrom": "FF5B5BFF",
                            "colorTo": "C43333FF"
                        },
                        {
                            "type": "ParticleEffect",
                            "particles": 12,
                            "lenFrom": 8,
                            "lenTo": 20,
                            "strokeFrom": 6,
                            "strokeTo": 0,
                            "length": 80,
                            "baseLength": 8,
                            "lifetime": 120,
                            "colorFrom": "FF5B5BFF",
                            "colorTo": "C43333FF",
                            "cone": 60
                        },
                        {
                            "type": "ParticleEffect",
                            "particles": 1,
                            "sizeFrom": 20,
                            "sizeTo": 0,
                            "length": 0,
                            "baseLength": 0,
                            "lifetime": 70,
                            "colorFrom": "FF5B5Bb8",
                            "colorTo": "C4333300",
                            "cone": 0
                        }
                    ]
                },
                "smokeEffect": "bigShockwave",
                "hitEffect": {
                    "type": "MultiEffect",
                    "effects": [
                        {
                            "type": "ParticleEffect",
                            "particles": 1,
                            "sizeFrom": 20,
                            "sizeTo": 80,
                            "length": 0,
                            "baseLength": 0,
                            "lifetime": 90,
                            "colorFrom": "FF5B5Bb8",
                            "colorTo": "C4333300",
                            "cone": 0
                        },
                        {
                            "type": "WaveEffect",
                            "lifetime": 55,
                            "sizeFrom": 0,
                            "sizeTo": 100,
                            "strokeFrom": 8,
                            "strokeTo": 0,
                            "colorFrom": "FF5B5Bb8",
                            "colorTo": "C43333b8"
                        }
                    ]
                },
                "despawnEffect": "bigShockwave"
            }
        },
        {
            "name": "聚爆",
            "reload": 200,
            "shootY": 20,
            "cooldownTime": 180,
            "x": -48,
            "y": -80,
            "rotate": true,
            "rotateSpeed": 1,
            "inaccuracy": 0,
            "shootSound": "release",
            "shake": 6,
            "bullet": {
                "type": "PointBulletType",
                "trailEffect": {
                    "type": "ParticleEffect",
                    "particles": 1,
                    "baseLength": 1,
                    "lifetime": 30,
                    "randLength": false,
                    "line": true,
                    "lenFrom": 10,
                    "lenTo": 10,
                    "strokeFrom": 10,
                    "strokeTo": 0,
                    "colorFrom": "FF5B5BFF",
                    "colorTo": "FF5B5B00",
                    "cone": 0
                },
                "trailSpacing": 6,
                "status": "碎解",
                "statusDuration": 600,
                "splashDamage": 750,
                "splashDamageRadius": 45,
                "speed": 180,
                "lifetime": 4,
                "hitSound": "plasmaboom",
                "shootEffect": {
                    "type": "MultiEffect",
                    "effects": [
                        {
                            "type": "WaveEffect",
                            "lifetime": 15,
                            "sizeFrom": 0,
                            "sizeTo": 100,
                            "strokeFrom": 3,
                            "strokeTo": 0,
                            "colorFrom": "FF5B5BFF",
                            "colorTo": "C43333FF"
                        },
                        {
                            "type": "ParticleEffect",
                            "particles": 12,
                            "lenFrom": 8,
                            "lenTo": 20,
                            "strokeFrom": 6,
                            "strokeTo": 0,
                            "length": 80,
                            "baseLength": 8,
                            "lifetime": 120,
                            "colorFrom": "FF5B5BFF",
                            "colorTo": "C43333FF",
                            "cone": 60
                        },
                        {
                            "type": "ParticleEffect",
                            "particles": 1,
                            "sizeFrom": 20,
                            "sizeTo": 0,
                            "length": 0,
                            "baseLength": 0,
                            "lifetime": 70,
                            "colorFrom": "FF5B5Bb8",
                            "colorTo": "C4333300",
                            "cone": 0
                        }
                    ]
                },
                "smokeEffect": "bigShockwave",
                "hitEffect": {
                    "type": "MultiEffect",
                    "effects": [
                        {
                            "type": "ParticleEffect",
                            "particles": 1,
                            "sizeFrom": 20,
                            "sizeTo": 80,
                            "length": 0,
                            "baseLength": 0,
                            "lifetime": 90,
                            "colorFrom": "FF5B5Bb8",
                            "colorTo": "C4333300",
                            "cone": 0
                        },
                        {
                            "type": "WaveEffect",
                            "lifetime": 55,
                            "sizeFrom": 0,
                            "sizeTo": 100,
                            "strokeFrom": 8,
                            "strokeTo": 0,
                            "colorFrom": "FF5B5Bb8",
                            "colorTo": "C43333b8"
                        }
                    ]
                },
                "despawnEffect": "bigShockwave"
            }
        },
        {
            "name": "四联导弹",
            "x": 48,
            "y": 104,
            "mirror": true,
            "reload": 15,
            "xRand": 8,
            "shoot": {
                "shots": 3,
                "shotDelay": 3
            },
            "shootCone": 100,
            "shootSound": "missile",
            "rotate": true,
            "recoil": 0,
            "rotateSpeed": 5,
            "inaccuracy": 20,
            "bullet": {
                "type": "MissileBulletType",
                "damage": 255,
                "splashDamageRadius": 50,
                "splashDamage": 380,
                "homingRange": 80,
                "homingPower": 0.3,
                "hitEffect": "flakExplosionBig",
                "despawnEffect": "flakExplosionBig",
                "sprite": "饱和火力-落雁",
                "trailLength": 5,
                "trailWidth": 1.3,
                "trailEffect": "none",
                "trailColor": "FFFFFF",
                "backColor": "FF5B5BFF",
                "frontColor": "E3E3E3",
                "drag": -0.01,
                "width": 13,
                "height": 35,
                "speed": 8,
                "lifetime": 120
            }
        },
        {
            "name": "四联导弹",
            "x": -32,
            "y": 64,
            "mirror": true,
            "reload": 15,
            "xRand": 8,
            "shoot": {
                "shots": 3,
                "shotDelay": 3
            },
            "shootCone": 100,
            "shootSound": "missile",
            "rotate": true,
            "recoil": 0,
            "rotateSpeed": 5,
            "inaccuracy": 20,
            "bullet": {
                "type": "MissileBulletType",
                "damage": 255,
                "splashDamageRadius": 50,
                "splashDamage": 380,
                "homingRange": 80,
                "homingPower": 0.3,
                "hitEffect": "flakExplosionBig",
                "despawnEffect": "flakExplosionBig",
                "sprite": "饱和火力-落雁",
                "trailLength": 5,
                "trailWidth": 1.3,
                "trailEffect": "none",
                "trailColor": "FFFFFF",
                "backColor": "FF5B5BFF",
                "frontColor": "E3E3E3",
                "drag": -0.01,
                "width": 13,
                "height": 35,
                "speed": 8,
                "lifetime": 120
            }
        },
        {
            "name": "四联导弹",
            "x": 56,
            "y": -120,
            "mirror": true,
            "reload": 15,
            "xRand": 8,
            "shoot": {
                "shots": 3,
                "shotDelay": 3
            },
            "shootCone": 100,
            "shootSound": "missile",
            "rotate": true,
            "recoil": 0,
            "rotateSpeed": 5,
            "inaccuracy": 20,
            "bullet": {
                "type": "MissileBulletType",
                "damage": 255,
                "splashDamageRadius": 50,
                "splashDamage": 380,
                "homingRange": 80,
                "homingPower": 0.3,
                "hitEffect": "flakExplosionBig",
                "despawnEffect": "flakExplosionBig",
                "sprite": "饱和火力-落雁",
                "trailLength": 5,
                "trailWidth": 1.3,
                "trailEffect": "none",
                "trailColor": "FFFFFF",
                "backColor": "FF5B5BFF",
                "frontColor": "E3E3E3",
                "drag": -0.01,
                "width": 13,
                "height": 35,
                "speed": 8,
                "lifetime": 120
            }
        },
        {
            "name": "点防",
            "type": "PointDefenseWeapon",
            "x": 32,
            "y": -16,
            "rotate": true,
            "shootSound": "lasercharge2",
            "recoil": 0,
            "rotateSpeed": 9,
            "reload": 8,
            "targetInterval": 5,
            "targetSwitchInterval": 5,
            "bullet": {
                "speed": 40,
                "lifetime": 10,
                "shootEffect": "sparkShoot",
                "hitEffect": "pointHit",
                "maxRange": 640,
                "damage": 400
            }
        },
        {
            "name": "点防",
            "type": "PointDefenseWeapon",
            "x": 36,
            "y": 32,
            "rotate": true,
            "shootSound": "lasercharge2",
            "recoil": 0,
            "rotateSpeed": 9,
            "reload": 8,
            "targetInterval": 5,
            "targetSwitchInterval": 5,
            "bullet": {
                "speed": 40,
                "lifetime": 10,
                "shootEffect": "sparkShoot",
                "hitEffect": "pointHit",
                "maxRange": 640,
                "damage": 400
            }
        },
        {
            "name": "点防",
            "type": "PointDefenseWeapon",
            "x": 70,
            "y": 0,
            "rotate": true,
            "shootSound": "lasercharge2",
            "recoil": 0,
            "rotateSpeed": 9,
            "reload": 8,
            "targetInterval": 5,
            "targetSwitchInterval": 5,
            "bullet": {
                "speed": 40,
                "lifetime": 10,
                "shootEffect": "sparkShoot",
                "hitEffect": "pointHit",
                "maxRange": 640,
                "damage": 400
            }
        },
        {
            "name": "点防",
            "type": "PointDefenseWeapon",
            "x": 70,
            "y": 48,
            "rotate": true,
            "shootSound": "lasercharge2",
            "recoil": 0,
            "rotateSpeed": 9,
            "reload": 8,
            "targetInterval": 5,
            "targetSwitchInterval": 5,
            "bullet": {
                "speed": 40,
                "lifetime": 10,
                "shootEffect": "sparkShoot",
                "hitEffect": "pointHit",
                "maxRange": 640,
                "damage": 400
            }
        },
        {
            "name": "点防",
            "type": "PointDefenseWeapon",
            "x": 80,
            "y": -90,
            "rotate": true,
            "shootSound": "lasercharge2",
            "recoil": 0,
            "rotateSpeed": 9,
            "reload": 8,
            "targetInterval": 5,
            "targetSwitchInterval": 5,
            "bullet": {
                "speed": 40,
                "lifetime": 10,
                "shootEffect": "sparkShoot",
                "hitEffect": "pointHit",
                "maxRange": 640,
                "damage": 400
            }
        },
        {
            "name": "脉冲",
            "reload": 20,
            "shootY": 12,
            "x": 50,
            "y": -24,
            "shoot": {
                "shots": 3,
                "shotDelay": 3
            },
            "rotate": true,
            "rotateSpeed": 4,
            "inaccuracy": 1,
            "shootSound": "laser",
            "shake": 3,
            "bullet": {
                "damage": 195,
                "splashDamage": 255,
                "splashDamageRadius": 45,
                "speed": 20,
                "lifetime": 40,
                "hitShake": 3,
                "backColor": "FF5B5BFF",
                "frontColor": "FF5B5BFF",
                "trailLength": 15,
                "trailWidth": 1.7,
                "trailColor": "FF5B5BFF",
                "hitSound": "plasmaboom",
                "smokeEffect": "bigShockwave",
                "width": 10,
                "height": 16,
                "hitEffect": {
                    "type": "MultiEffect",
                    "effects": [
                        {
                            "type": "ParticleEffect",
                            "particles": 8,
                            "sizeFrom": 9,
                            "sizeTo": 0,
                            "length": 60,
                            "baseLength": 8,
                            "lifetime": 25,
                            "colorFrom": "FF5B5B80",
                            "colorTo": "FF5B5B00",
                            "cone": 20
                        },
                        {
                            "type": "WaveEffect",
                            "lifetime": 10,
                            "sizeFrom": 8,
                            "sizeTo": 50,
                            "strokeFrom": 5,
                            "strokeTo": 0,
                            "colorFrom": "FF5B5BFF",
                            "colorTo": "FF5B5BFF"
                        }
                    ]
                },
                "despawnEffect": "none"
            }
        },
        {
            "name": "脉冲",
            "reload": 20,
            "shootY": 12,
            "x": -72,
            "y": -64,
            "shoot": {
                "shots": 3,
                "shotDelay": 3
            },
            "rotate": true,
            "rotateSpeed": 4,
            "inaccuracy": 1,
            "shootSound": "laser",
            "shake": 3,
            "bullet": {
                "damage": 195,
                "splashDamage": 255,
                "splashDamageRadius": 45,
                "speed": 20,
                "lifetime": 40,
                "hitShake": 3,
                "backColor": "FF5B5BFF",
                "frontColor": "FF5B5BFF",
                "trailLength": 15,
                "trailWidth": 1.7,
                "trailColor": "FF5B5BFF",
                "hitSound": "plasmaboom",
                "smokeEffect": "bigShockwave",
                "width": 10,
                "height": 16,
                "hitEffect": {
                    "type": "MultiEffect",
                    "effects": [
                        {
                            "type": "ParticleEffect",
                            "particles": 8,
                            "sizeFrom": 9,
                            "sizeTo": 0,
                            "length": 60,
                            "baseLength": 8,
                            "lifetime": 25,
                            "colorFrom": "FF5B5B80",
                            "colorTo": "FF5B5B00",
                            "cone": 20
                        },
                        {
                            "type": "WaveEffect",
                            "lifetime": 10,
                            "sizeFrom": 8,
                            "sizeTo": 50,
                            "strokeFrom": 5,
                            "strokeTo": 0,
                            "colorFrom": "FF5B5BFF",
                            "colorTo": "FF5B5BFF"
                        }
                    ]
                },
                "despawnEffect": "none"
            }
        },
        {
            "name": "缓速弹",
            "x": 0,
            "y": -48,
            "xRand": 120,
            "inaccuracy": 100,
            "shoot": {
                "shots": 4,
                "shotDelay": 5
            },
            "shootCone": 360,
            "shootSound": "missile",
            "mirror": true,
            "rotate": false,
            "alternate": false,
            "reload": 60,
            "autoTarget": true,
            "bullet": {
                "damage": 80,
                "absorbable": false,
                "drag": -0.03,
                "speed": 0.1,
                "lifetime": 190,
                "shrinkY": 0,
                "shrinkX": 0,
                "hitSize": 100,
                "spin": 10,
                "homingPower": 0.02,
                "homingRange": 1200,
                "pierce": true,
                "pierceCap": 8,
                "splashDamageRadius": 105,
                "splashDamage": 105,
                "status": "slow",
                "statusDuration": 120,
                "height": 108,
                "width": 108,
                "sprite": "饱和火力-海胆",
                "frontColor": "FF5B5BFF",
                "backColor": "FF5B5BFF",
                "trailLength": 20,
                "trailWidth": 5,
                "trailColor": "FF5B5BFF",
                "shootEffect": {
                    "type": "ParticleEffect",
                    "particles": 12,
                    "sizeFrom": 6,
                    "sizeTo": 0,
                    "length": 45,
                    "baseLength": 9,
                    "lifetime": 45,
                    "colorFrom": "FF5B5BFF",
                    "colorTo": "FF5B5B80",
                    "cone": 360
                },
                "smokeEffect": "bigShockwave",
                "hitSound": "plasmaboom",
                "despawnEffect": "none",
                "hitEffect": {
                    "type": "MultiEffect",
                    "effects": [
                        {
                            "type": "ParticleEffect",
                            "particles": 15,
                            "sizeFrom": 9,
                            "sizeTo": 0,
                            "length": 150,
                            "baseLength": 35,
                            "lifetime": 15,
                            "colorFrom": "FF5B5BFF",
                            "colorTo": "FF5B5B80",
                            "cone": 360
                        },
                        {
                            "type": "WaveEffect",
                            "lifetime": 13,
                            "sizeFrom": 2,
                            "sizeTo": 105,
                            "strokeFrom": 9,
                            "strokeTo": 0,
                            "colorFrom": "FF5B5BFF",
                            "colorTo": "FF5B5B80"
                        }
                    ]
                }
            }
        },
        {
            "name": "空间导弹",
            "x": 0,
            "y": 0,
            "shootY": -480,
            "shootX": 0,
            "reload": 925,
            "shoot": {
                "shots": 250,
                "shotDelay": 1.5
            },
            "mirror": true,
            "rotate": false,
            "alternate": false,
            "ignoreRotation":true,
            "shootSound": "lasercharge2",
            "inaccuracy": 3,
            "xRand": 480,
            "shootCone": 160,
            "bullet": {
                "type": "BasicBulletType",
                "damage": 125,
                "knockback": 48,
                "status": "崩溃",
                "statusDuration": 600,
                "pierce": true,
                "pierceBuilding": true,
                "pierceCap": 3,
                "absorbable": false,
                "splashDamageRadius": 80,
                "splashDamage": 250,
                "homingRange": 400,
                "homingPower": 0.06,
                "shrinkY": 0,
                "hitEffect": {
                    "type": "MultiEffect",
                    "effects": [
                        {
                            "type": "ParticleEffect",
                            "particles": 1,
                            "sizeFrom": 10,
                            "sizeTo": 100,
                            "length": 0,
                            "baseLength": 8,
                            "lifetime": 30,
                            "colorFrom": "EEC59150",
                            "colorTo": "EEC59100",
                            "cone": 360
                        },
                        {
                            "type": "ParticleEffect",
                            "particles": 9,
                            "sizeFrom": 10,
                            "sizeTo": 0,
                            "length": 90,
                            "baseLength": 8,
                            "lifetime": 25,
                            "colorFrom": "EEC591FF",
                            "colorTo": "EEC59100",
                            "cone": 360
                        },
                        {
                            "type": "WaveEffect",
                            "lifetime": 30,
                            "sizeFrom": 10,
                            "sizeTo": 100,
                            "strokeFrom": 8,
                            "strokeTo": 0,
                            "colorFrom": "EEC591FF",
                            "colorTo": "EEC59100"
                        }
                    ]
                },
                "hitSound": "plasmaboom",
                "despawnEffect": "none",
                "smokeEffect": {
                    "type": "WaveEffect",
                    "lifetime": 15,
                    "sizeFrom": 0,
                    "sizeTo": 60,
                    "strokeFrom": 3,
                    "strokeTo": 3,
                    "colorFrom": "EEC591FF",
                    "colorTo": "ffffff00"
                },
                "shootEffect": {
                    "type": "ParticleEffect",
                    "particles": 1,
                    "sizeFrom": 20,
                    "sizeTo": 50,
                    "length": 0,
                    "baseLength": 0,
                    "lifetime": 35,
                    "colorFrom": "EEC591FF",
                    "colorTo": "ffffff00",
                    "cone": 360
                },
                "sprite": "饱和火力-大导弹",
                "trailChance": 1,
                "trailInterval": 3,
                "trailEffect": {
					"type": "ParticleEffect",
					"particles": 2,
					"sizeFrom": 2,
					"sizeTo": 8,
					"length": 40,
					"lifetime": 30,
					"lightOpacity": 0,
					"interp": "circleOut",
					"colorFrom": "FEEBB3",
					"colorTo": "78787800",
					"cone": 10
				},
                "trailRotation": true,
                "trailLength": 3,
                "trailWidth": 2.3,
                "trailColor": "FEEBB3FF",
                "backColor": "EEC591",
                "drag": -0.0015,
                "width": 25,
                "height": 76,
                "speed": 15,
                "lifetime": 320
            }
        }
    ]
}