{
	"type": "flying",
	"name": "利刃",
	"description": "信息缺失！",
	"details": "信息缺失！",
	"speed": 0.95,
	"accel": 0.06,
	"drag": 0.05,
	"flying": true,
	"engineOffset": 24,
	"engineSize": 9,
	"hitSize": 58,
	"targetAir": true,
	"health": 357000,
	"armor": 60,
	"immunities": [
		"blasted","burning","electrified",
		"freezing","melting","disarmed",
		"sapped","shocked","slow",
		"tarred","unmoving","wet",
		"spore-slowed","corroded","干扰","拆解"
	],
	"rotateSpeed": 1.2,
	"itemCapacity": 1000,
	"abilities": [
		{
			"type": "ForceFieldAbility",
			"radius": 150,
			"regen": 80,
			"max": 12000,
			"cooldown": 600
		}
	],
	"faceTarget": false,
	"research": "利刃",
	"weapons": [
		{
			"name": "撞击",
			"reload": 12.5,
			"x": 12,
			"y": 16,
			"rotate": true,
			"alternate": true,
			"rotateSpeed": 9,
			"shake": 1,
			"shootSound": "railgun",
			"bullet": {
				"type": "PointBulletType",
				"trailEffect": {
					"type": "ParticleEffect",
					"particles": 1,
					"length": 0,
					"baseLength": 1,
					"lifetime": 10,
					"line": true,
					"randLength": false,
					"lenFrom": 10,
					"lenTo": 10,
					"strokeFrom": 5,
					"strokeTo": 0,
					"colorFrom": "FEEBB3FF",
					"colorTo": "FEEBB3FF",
					"cone": 0
				},
				"trailSpacing": 9,
				"smokeEffect": "bigShockwave",
				"shootEffect": {
					"type": "ParticleEffect",
					"particles": 1,
					"sizeFrom": 7,
					"sizeTo": 0,
					"length": 0,
					"baseLength": 0,
					"lifetime": 11,
					"colorFrom": "FEEBB3",
					"colorTo": "FEEBB3",
					"cone": 360
				},
				"speed": 30,
				"lifetime": 16,
				"status": "崩溃",
				"statusDuration": 180,
				"buildingDamageMultiplier": 3,
				"splashDamageRadius": 87,
				"splashDamage": 187,
				"hitShake": 1,
				"hitSound": "plasmaboom",
				"hitEffect": {
					"type": "MultiEffect",
					"effects": [
						{
							"type": "ParticleEffect",
							"particles": 16,
							"sizeFrom": 15,
							"sizeTo": 0,
							"length": 40,
							"baseLength": 48,
							"lifetime": 25,
							"colorFrom": "FEEBB380",
							"colorTo": "FEEBB300",
							"cone": 360
						},
						{
							"type": "ParticleEffect",
							"particles": 42,
							"line": true,
							"strokeFrom": 2,
							"strokeTo": 0,
							"lenFrom": 24,
							"lenTo": 0,
							"length": 83,
							"baseLength": 0,
							"lifetime": 20,
							"colorFrom": "FEEBB3FF",
							"colorTo": "FEEBB3FF",
							"cone": 360
						},
						{
							"type": "WaveEffect",
							"lifetime": 15,
							"sizeFrom": 0,
							"sizeTo": 87,
							"strokeFrom": 5,
							"strokeTo": 0,
							"colorFrom": "FEEBB3FF",
							"colorTo": "FEEBB3FF"
						},
						{
							"type": "ParticleEffect",
							"particles": 1,
							"sizeFrom": 8,
							"sizeTo": 0,
							"length": 0,
							"baseLength": 0,
							"lifetime": 35,
							"colorFrom": "FEEBB3",
							"colorTo": "FEEBB3",
							"cone": 360
						}
					]
				},
				"despawnEffect": "bigShockwave",
				"fragBullets": 3,
				"fragBullet": {
					"type": "PointBulletType",
					"trailSpacing": 9,
					"trailEffect": {
						"type": "ParticleEffect",
						"particles": 1,
						"length": 0,
						"baseLength": 1,
						"lifetime": 8,
						"line": true,
						"randLength": false,
						"lenFrom": 10,
						"lenTo": 10,
						"strokeFrom": 2,
						"strokeTo": 0,
						"colorFrom": "FEEBB3FF",
						"colorTo": "FEEBB3FF",
						"cone": 0
					},
					"lifetime": 10,
					"speed": 15,
					"status": "崩溃",
					"statusDuration": 60,
					"buildingDamageMultiplier": 3,
					"splashDamageRadius": 16,
					"splashDamage": 86,
					"hitShake": 6,
					"hitSound": "laser",
					"hitEffect": {
						"type": "MultiEffect",
						"effects": [
							{
								"type": "ParticleEffect",
								"particles": 1,
								"sizeFrom": 5,
								"sizeTo": 0,
								"length": 0,
								"baseLength": 0,
								"lifetime": 11,
								"colorFrom": "FEEBB3",
								"colorTo": "FEEBB3",
								"cone": 360
							},
							{
								"type": "ParticleEffect",
								"particles": 22,
								"line": true,
								"strokeFrom": 1,
								"strokeTo": 0,
								"lenFrom": 18,
								"lenTo": 0,
								"length": 33,
								"baseLength": 2,
								"lifetime": 10,
								"colorFrom": "FEEBB3FF",
								"colorTo": "FEEBB3FF",
								"cone": 360
							}
						]
					},
					"despawnEffect": "none"
				}
			}
		},
		{
			"name": "撞击",
			"reload": 15,
			"x": -16,
			"y": -16,
			"rotate": true,
			"alternate": true,
			"rotateSpeed": 9,
			"shake": 1,
			"shootSound": "railgun",
			"bullet": {
				"type": "PointBulletType",
				"trailEffect": {
					"type": "ParticleEffect",
					"particles": 1,
					"length": 0,
					"baseLength": 1,
					"lifetime": 10,
					"line": true,
					"randLength": false,
					"lenFrom": 10,
					"lenTo": 10,
					"strokeFrom": 5,
					"strokeTo": 0,
					"colorFrom": "FEEBB3FF",
					"colorTo": "FEEBB3FF",
					"cone": 0
				},
				"trailSpacing": 9,
				"smokeEffect": "bigShockwave",
				"shootEffect": {
					"type": "ParticleEffect",
					"particles": 1,
					"sizeFrom": 7,
					"sizeTo": 0,
					"length": 0,
					"baseLength": 0,
					"lifetime": 11,
					"colorFrom": "FEEBB3",
					"colorTo": "FEEBB3",
					"cone": 360
				},
				"speed": 30,
				"lifetime": 16,
				"status": "崩溃",
				"statusDuration": 180,
				"buildingDamageMultiplier": 3,
				"splashDamageRadius": 87,
				"splashDamage": 187,
				"hitShake": 1,
				"hitSound": "plasmaboom",
				"hitEffect": {
					"type": "MultiEffect",
					"effects": [
						{
							"type": "ParticleEffect",
							"particles": 16,
							"sizeFrom": 15,
							"sizeTo": 0,
							"length": 40,
							"baseLength": 48,
							"lifetime": 25,
							"colorFrom": "FEEBB380",
							"colorTo": "FEEBB300",
							"cone": 360
						},
						{
							"type": "ParticleEffect",
							"particles": 42,
							"line": true,
							"strokeFrom": 2,
							"strokeTo": 0,
							"lenFrom": 24,
							"lenTo": 0,
							"length": 83,
							"baseLength": 0,
							"lifetime": 20,
							"colorFrom": "FEEBB3FF",
							"colorTo": "FEEBB3FF",
							"cone": 360
						},
						{
							"type": "WaveEffect",
							"lifetime": 15,
							"sizeFrom": 0,
							"sizeTo": 87,
							"strokeFrom": 5,
							"strokeTo": 0,
							"colorFrom": "FEEBB3FF",
							"colorTo": "FEEBB3FF"
						},
						{
							"type": "ParticleEffect",
							"particles": 1,
							"sizeFrom": 8,
							"sizeTo": 0,
							"length": 0,
							"baseLength": 0,
							"lifetime": 35,
							"colorFrom": "FEEBB3",
							"colorTo": "FEEBB3",
							"cone": 360
						}
					]
				},
				"despawnEffect": "bigShockwave",
				"fragBullets": 3,
				"fragBullet": {
					"type": "PointBulletType",
					"trailSpacing": 9,
					"trailEffect": {
						"type": "ParticleEffect",
						"particles": 1,
						"length": 0,
						"baseLength": 1,
						"lifetime": 8,
						"line": true,
						"randLength": false,
						"lenFrom": 10,
						"lenTo": 10,
						"strokeFrom": 2,
						"strokeTo": 0,
						"colorFrom": "FEEBB3FF",
						"colorTo": "FEEBB3FF",
						"cone": 0
					},
					"lifetime": 10,
					"speed": 15,
					"status": "崩溃",
					"statusDuration": 60,
					"buildingDamageMultiplier": 3,
					"splashDamageRadius": 16,
					"splashDamage": 86,
					"hitShake": 6,
					"hitSound": "laser",
					"hitEffect": {
						"type": "MultiEffect",
						"effects": [
							{
								"type": "ParticleEffect",
								"particles": 1,
								"sizeFrom": 5,
								"sizeTo": 0,
								"length": 0,
								"baseLength": 0,
								"lifetime": 11,
								"colorFrom": "FEEBB3",
								"colorTo": "FEEBB3",
								"cone": 360
							},
							{
								"type": "ParticleEffect",
								"particles": 22,
								"line": true,
								"strokeFrom": 1,
								"strokeTo": 0,
								"lenFrom": 18,
								"lenTo": 0,
								"length": 33,
								"baseLength": 2,
								"lifetime": 10,
								"colorFrom": "FEEBB3FF",
								"colorTo": "FEEBB3FF",
								"cone": 360
							}
						]
					},
					"despawnEffect": "none"
				}
			}
		},
		{
			"name": "远导弹",
			"x": 0,
			"y": 8,
			"reload": 80,
			"mirror": true,
			"rotate": true,
			"rotateSpeed": 0,
			"shoot": {
				"shots": 8,
				"shotDelay": 5,
				"type": "ShootBarrel",
				"barrels": [
					0,3,35,
					0,-2,30,
					0,5,30,
					0,-4,35,
					0,7,35,
					0,-6,30,
					0,9,30,
					0,-8,35
				]
			},
			"shootSound": "missile",
			"inaccuracy": 2,
			"shootCone": 180,
			"bullet": {
				"type": "FlakBulletType",
				"damage": 75,
				"knockback": -6,
				"shrinkY": 0,
				"status": "unmoving",
				"statusDuration": 60,
				"homingDelay": 20,
				"homingRange": 500,
				"homingPower": 0.1,
				"splashDamageRadius": 45,
				"splashDamage": 225,
				"hitEffect": "flakExplosionBig",
				"despawnEffect": "flakExplosionBig",
				"sprite": "饱和火力-落雁",
				"trailLength": 16,
				"trailWidth": 1.5,
				"trailChance": 1,
				"trailInterval": 6,
				"trailEffect": {
					"type": "ParticleEffect",
					"particles": 4,
					"sizeFrom": 4,
					"sizeTo": 1,
					"length": 30,
					"lifetime": 30,
					"lightOpacity": 0,
					"interp": "circleOut",
					"sizeInterp": "pow5In",
					"colorFrom": "FF5B5BFF",
					"colorTo": "78787870",
					"cone": 10
				},
				"trailRotation": true,
				"frontColor": "FF5B5BFF",
				"trailColor": "FF5B5BFF",
				"backColor": "FF5B5BFF",
				"width": 18,
				"height": 55,
				"speed": 8,
				"lifetime": 180
			}
		},
		{
			"name": "近导弹",
			"x": 0,
			"y": 20,
			"reload": 180,
			"shoot": {
				"shots": 30,
				"shotDelay": 4
			},
			"mirror": false,
			"rotate": false,
			"autoTarget": true,
			"shootSound": "missile",
			"inaccuracy": 360,
			"shootCone": 360,
			"bullet": {
				"type": "MissileBulletType",
				"damage": 75,
				"status": "碎解",
				"statusDuration": 60,
				"homingRange": 300,
				"homingDelay": 12,
				"homingPower": 0.08,
				"splashDamageRadius": 45,
				"splashDamage": 125,
				"hitEffect": "flakExplosionBig",
				"despawnEffect": "flakExplosionBig",
				"sprite": "饱和火力-导弹",
				"trailLength": 8,
				"trailWidth": 1.2,
				"trailColor": "FFFFFF",
				"frontColor": "FFFFFF",
				"backColor": "FF5B5BFF",
				"drag": -0.02,
				"width": 8,
				"height": 36,
				"speed": 8,
				"lifetime": 55
			}
		}
	]
}