{	"details":"优化射击方式以提高稳定性，换装新分裂弹头与导弹发射器",
    "armor":22,   
    "rotateSpeed": 1.6,
    "health":42000,
	"weapons":[
	{	"name": "根除",
	"reload":65, 
	"shake":3,
	"shoot":{
	    "shots":4,
	    "shotDelay":3
	},
	"recoil":5,
    "x": 21.5,  "y": 1,    
    "shootX":0, "shootY":11,
    "rotate": false,
    "top":false,
    "inaccuracy": 1,
	"shootSound": "artillery",
	"alternate": true,
	"ejectEffect":"casing4",
	"bullet":{
    "damage":95,  
    "pierceArmor": true,
	"pierce": true,	
	"pierceCap":10,
    "speed":15,
    "lifetime":25.3,
    "shootEffect":"shootBig", 
    "smokeEffect":"shootBigSmoke",
    "width":13,	 "height":35,
    "hitEffect":"flakExplosion",
	"despawnEffect":"flakExplosion",
	    "fragBullets":4,
	    "fragRandomSpread":30,
        "fragBullet":{
		"damage":26,
        "width":10, "height":10,
        "pierce":true,
        "pierceBuilding":true,
        "pierceCap":3,
        "speed":16,
        "lifetime":10,
        "hitEffect":"flakExplosion",
        "splashDamage":25,
        "splashDamageRadius":16
	}}	},
	{"name":"狂蜂",
	 "x":8,"y":-8,
	 "reload":70,	
	 "rotate": true,
	 "rotateSpeed":9,
	 "shoot":{	    
		"type":"ShootSpread",
	    "shots":5,
		"spread":0},
	 "alternate":true,
	 "shootSound":"missile",
	 "inaccuracy": 15,
	 "shootCone":30,
	"bullet":{
	"type":"MissileBulletType",
	"damage": 25,
	"splashDamageRadius":35,
	"splashDamage":35,
    "hitEffect":"flakExplosionBig",
    "despawnEffect":"flakExplosionBig",
	"width": 9,	"height": 20,
	"speed": 8,	"lifetime": 30	} 	}
	]
}
