{	
    "type":"mech",
    "name":"立宪",
    "description":"攻击附近所有敌人。发射巨型穿甲爆破弹，穿透敌军和建筑。",
    "hitSize":48,
    "canDrown":false,
    "armor":36,
    "speed":0.55,
    "rotateSpeed": 1.5,
    "baseRotateSpeed":1.1,
    "health":154000,
    "mechStepParticles":true,
    "mechFrontSway":2.2,
    "mechSideSway":0.8,
	"ammoType":"镄",
    "ammoCapacity": 350,
    "immunities":["disarmed"],
	"research":"reign",
	"weapons":[
	{	"name": "立宪1",
	"reload":5.5, 
	"shake":3,
	"recoil":5,
    "x": 25,  "y": -1,    
    "shootX":0, "shootY":22,
    "rotate": false,
    "top":false,
    "inaccuracy": 0.5,
	"shootSound": "shootBig",
	"alternate": true,
	"ejectEffect":"casing4",
	"bullet":{
    "damage":245, 
    "splashDamage":135,
    "splashDamageRadius":40,
   	"pierce": true,
	"pierceBuilding":true,
    "pierceArmor": true,
	"pierceCap":10,
    "speed":14,
    "lifetime":28.6,
    "hitSound":"explosion",
    "shootEffect":"shootBig",
    "smokeEffect":"shootBigSmoke",
    "width":13,	 "height":29,
    "hitEffect": {
        "type": "ParticleEffect",
        "particles": 15,
        "line": true,
        "strokeFrom": 3,
        "strokeTo": 0,
        "lenFrom": 16,
        "lenTo": 0,
        "length": 60,
        "baseLength": 0,
        "lifetime": 10,
        "colorFrom": "FFE176FF",
        "colorTo": "ffffff",
        "cone": 60
    },
	"despawnEffect":"flakExplosionBig"}}
	]
}
