{
"type":"legs",
"name": "盘龙",
"description": "发射盘龙火箭与大量激光，并在此过程中修复自己，能够长时间持续作战。\n能跨越大多数地形。",
"armor": 30,
"speed": 0.72,
"rotateSpeed": 1.12,
"hitSize":48,
"health": 130000,
"legPairOffset":3,
"legExtension":-20,
"legBaseOffset":8,
"stepShake":1.2,
"legCount":8,
"legLength":87,
"legMoveSpace":1,
"rippleScale":1.6,
"immunities":["sapped","unmoving","disarmed"],
"legSplashDamage":88,
"legSplashRange":46,
"hovering":true,
"allowLegStep":true,
"research": "toxopid",
"weapons": [
    {"name": "盘龙3",
	"reload": 150,
	"recoil":6,
	"x": 24,  "y": 0,
	"shootY":16,
	"alternate": true,
	"rotate": false,
	"inaccuracy": 1,
    "shootCone":30,
	"ejectEffect":"none",
	"shootSound": "missileLaunch",
	"bullet":{
    "type":"BasicBulletType",
    "speed": 2,
    "lifetime": 300,
    "homingPower":0.5,
    "homingRange": 60,
	"width": 32,
	"height": 65,
	"damage": 300,
	"weaveMag": 3,
	"weaveScale": 10,
	"hitSize": 44,
	"sprite":"饱和火力-龙头",
	"shrinkY":0,
	"shrinkX":0,
	"hitSound":"explosionbig",
	"pierce": true,
	"pierceBuilding": true,
	"status":"sapped",
	"statusDuration":600,
    "shootEffect":{"type": "ParticleEffect",
    "particles": 8,
    "sizeFrom": 6,
    "sizeTo": 0,
    "length": 35,
    "baseLength": 0,
    "lifetime": 25,
    "colorFrom": "A278E1",
    "colorTo": "ffffff",
    "cone": 30},
    "smokeEffect":"shootBigSmoke2",
    "splashDamageRadius":40,
	"splashDamage":130,
	"knockback":16,
    "frontColor":"665C9FFF",
    "backColor":"A278E1FF",
	"trailLength": 80,
	"trailWidth": 6,
	"trailColor": "A278E1FF",
	"hitEffect":{
    "type": "MultiEffect",
	"effects": [
	{"type": "ParticleEffect",
    "particles": 6,
    "sizeFrom": 5,
    "sizeTo": 0,
    "length": 55,
    "baseLength": 0,
    "lifetime": 25,
    "colorFrom": "A278E1",
    "colorTo": "A278E1",
    "cone": 360},
    {"type": "WaveEffect",
    "lifetime": 15,
    "sizeFrom": 1,
    "sizeTo": 40,
    "strokeFrom": 2,
    "strokeTo": 0,
    "colorFrom": "A278E1FF",
    "colorTo": "ffffff"}
    ]},
    "despawnEffect":{"type": "MultiEffect",
	"effects": [
	{"type": "ParticleEffect",
    "particles": 16,
    "sizeFrom": 9,
    "sizeTo": 0,
    "length": 15,
    "baseLength": 30,
    "lifetime": 25,
    "colorFrom": "A278E1",
    "colorTo": "A278E100",
    "cone": 360},
	{"type": "ParticleEffect",
    "particles": 35,
    "line":true,
    "strokeFrom": 5,
    "strokeTo": 0,
    "lenFrom":55,
    "lenTo":0,
    "length": 75,
    "baseLength": 0,
    "lifetime": 15,
    "colorFrom": "A278E1FF",
    "colorTo": "ffffff",
    "cone": 360},
    {"type": "WaveEffect",
    "lifetime": 17,
    "sizeFrom": 1,
    "sizeTo": 60,
    "strokeFrom": 4,
    "strokeTo": 0,
    "colorFrom": "A278E1FF",
    "colorTo": "ffffff"}]},
    "fragRandomSpread": 0,
    "fragBullets": 1,
    "fragBullet": {
        "type": "ShrapnelBulletType",
        "damage":76,
        "lifetime":15,
        "length":110,
        "width":12,
        "pierceArmor": true,
        "serrationLenScl":8,
        "serrationSpaceOffset":60,
        "serrationFadeOffset":0,
        "serrations":8,
        "serrationWidth":8,
        "fromColor":"A278E31FF",
        "toColor":"665C9FFF"   
        },
    "bulletInterval": 10,
    "intervalBullets": 1,
    "intervalRandomSpread": 180,
    "intervalSpread": 60,
    "intervalAngle": 0,
    "intervalBullet":{
        "type":"BasicBulletType",
        "absorbable": false,
        "speed": 6,
        "lifetime": 30,
        "homingPower":0.5,
        "homingRange": 90,
        "width": 18,
        "height": 35,
        "damage": 65,
        "weaveMag": 3,
        "weaveScale": 3,
        "sprite":"饱和火力-龙头",
        "shrinkY":0,
        "shrinkX":0,
        "hitSound":"explosion",
	    "pierceCap":4,
        "pierce": true,
        "pierceBuilding": true,
        "status":"sapped",
        "statusDuration":180,
        "splashDamageRadius":30,
        "splashDamage":27,
        "knockback":3,
        "frontColor":"665C9FFF",
        "backColor":"A278E1FF",
        "trailLength": 10,
        "trailWidth": 2,
        "trailColor": "A278E1FF",
        "hitEffect":{
        "type": "MultiEffect",
        "effects": [
        {"type": "ParticleEffect",
        "particles": 5,
        "line":true,
        "strokeFrom": 3,
        "strokeTo": 0,
        "lenFrom":35,
        "lenTo":0,
        "length": 45,
        "baseLength": 0,
        "lifetime": 25,
        "colorFrom": "A278E1",
        "colorTo": "A278E1",
        "cone": 360},
        {"type": "WaveEffect",
        "lifetime": 10,
        "sizeFrom": 1,
        "sizeTo": 30,
        "strokeFrom": 2,
        "strokeTo": 0,
        "colorFrom": "A278E1FF",
        "colorTo": "ffffff"}
        ]},
        "despawnEffect":{
        "type": "ParticleEffect",
        "particles": 1,
        "sizeFrom": 5,
        "sizeTo": 0,
        "length": 0,
        "baseLength": 0,
        "lifetime": 35,
        "colorFrom": "A278E1",
        "colorTo": "A278E1",
        "cone": 360}
        }
    }},
    {"name":"盘龙1",
    "top":true,
    "shootY":8,
    "reload":33,
    "ejectEffect":"none",
    "rotate": true,
    "rotateSpeed":5,
    "recoil":2,
    "x":-7,"y":16,
    "shoot": {
    "shots": 3,
    "shotDelay": 3
            },
    "shootSound":"laser",
    "bullet":{
    "type": "SapBulletType",
    "shootEffect":"shootSmall",
    "lifetime":30,
    "sapStrength":2.1,
    "length":90,
    "width":0.55,
    "knockback":-1,
    "statusDuration":60,
	"status":"sapped",
	"damage": 88,
    "color":"A278E1FF",
    "lightColor":"A278E1FF",
	"hitColor":"bf92f9",
	"despawnEffect":"none"
    }},
    {"name":"盘龙1",
    "top":true,
    "shootY":8,
    "reload":43,
    "ejectEffect":"none",
    "rotate": true,
    "rotateSpeed":5,
    "recoil":2,
    "x":-16,"y":8,
    "shoot": {
    "shots": 3,
    "shotDelay": 3
            },
    "shootSound":"laser",
    "bullet":{
    "type": "SapBulletType",
    "shootEffect":"shootSmall",
    "lifetime":35,
    "sapStrength":2.1,
    "length":92,
    "width":0.55,
    "knockback":-1,
    "statusDuration":60,
	"status":"sapped",
	"damage": 93,
    "color":"A278E1FF",
    "lightColor":"A278E1FF",
	"hitColor":"bf92f9",
	"despawnEffect":"none"
    }},
    {"name": "盘龙2",
	"reload":43,     
    "x":0,  "y":-18,
    "rotationLimit":50,
	"shootY":23,
	"rotate": true,
    "rotateSpeed":1,
    "inaccuracy": 0,
    "mirror":false,
	"shootSound":"shotgun",
	"shake":5,
    "recoil":5,
    "shoot":{
    "type":"ShootSpread",
    "shots":3,
    "spread":10},
	"bullet":{
"type": "ShrapnelBulletType",
"damage":280,
"lifetime":15,
"length":150,
"width":16,
"pierceArmor": true,
"serrationLenScl":8,
"serrationSpaceOffset":60,
"serrationFadeOffset":0,
"serrations":14,
"serrationWidth":8,
"statusDuration":300,
"status":"sapped",
"fromColor":"A278E31FF",
"toColor":"665C9FFF",
"shootEffect":{"type": "ParticleEffect",
    "particles": 19,
    "sizeFrom": 9,
    "sizeTo": 0,
    "line":true,
    "length": 55,
    "baseLength": 0,
    "lifetime": 15,
    "colorFrom": "A278E1FF",
    "colorTo": "665C9FFF",
    "cone": 60},
    "smokeEffect": "bigShockwave"
    }}
]
}