{
    "type": "PowerTurret",
    "name": "余温",
    "description": "锁定，充能，消灭。",
    "details": "首台具有快速射击能力的超巨型轨道炮，然而巨大的能耗严重限制了其应用空间",
    "targetGround": true,
    "health": 150000,
    "armor":85,
    "accurateDelay": false,
    "size": 16,
    "moveWhileCharging": false,
    "shake": 20,
    "inaccuracy": 0,
    "recoil": 10,
    "cooldownTime": 100,
    "liquidCapacity": 6000,
    "canOverdrive": false,
    "recoilTime": 90,
"minWarmup": 0.8,
"shootWarmupSpeed": 0.0096,
"drawer":{"type":"DrawMulti",
"drawers":[{"type":"DrawTurret",
"parts":[
    //两侧炮管延
    //炮管左右展开
    //中间能量条伸出
    {"type":"RegionPart",
    "mirror":true,
    "x":16,"y":0,
    "suffix":"-主炮内",
    "layer":49.9,
    "moveX":0,
    "moveY":48
    },
    {"type":"RegionPart",
    "mirror":true,
    "x":16,"y":0,
    "suffix":"-主炮外",
    "layer":49.9,
    "moveX":6,
    "moveY":48
    },
    {"type":"RegionPart",
    "mirror":true,
    "x":16,"y":0,
    "suffix":"-条",
    "layer":49.8,
    "moveX":6,
    "moveY":48
    },
    //6-8小块跟随前伸
    {"type":"RegionPart",
    "mirror":true,
    "x":16,"y":0,
    "suffix":"-top",
    "layer":49,
    "moveX":-3,
    "moveY":45,
    "moveRot":0}
    

    //外侧散热条展开
    //无人机伸出
]}]},
    "shoot": {
        "type": "ShootPattern",
        "firstShotDelay": 120
    },
    "shootY":24,
    "shootSound": "largeExplosion",
    "shootEffect": {
        "type": "ParticleEffect",
        "particles": 1,
        "sizeFrom": 20,
        "sizeTo": 100,
        "length": 0,
        "baseLength": 0,
        "lifetime": 45,
        "colorFrom": "F2FF9C",
        "colorTo": "F2FF9C00",
        "cone": 0
    },
    "chargeSound": "lasercharge",
    "shootType": {
    "type": "BasicBulletType",
    "damage": 8000,
    "splashDamageRadius": 240,
    "splashDamage": 3500,
    "lifetime": 100,
    "speed": 30,
    "sprite":"missile-large",
    "width": 32,
    "height": 46,
    "hitSize":80,
    "shrinkX": 0,
    "shrinkY": 0,
    "hitShake": 70,
    "backColor": "F2FF9C",
    "frontColor": "FFFFFF",
    "trailColor": "F2FF9C",
    "trailLength": 90,
    "trailWidth": 12,
    "ammoMultiplier": 1,
    "status":"余热",
    "statusDuration":100,
    "hitSound": "largeCannon",
    "chargeEffect": {
    "type": "MultiEffect",
    "effects": [
    {
    "type": "ParticleEffect",
    "particles": 1,
    "line": true,
    "strokeFrom": 22,
    "strokeTo": 22,
    "lenFrom": 60,
    "lenTo": 64,
    "length": 0.01,
    "baseLength": 0,
    "lifetime": 120,
    "colorFrom": "F2FF9C00",
    "colorTo": "F2FF9C",
    "cone": 0,
    "layer":49.99
    },
    {
"type": "WaveEffect",
"lifetime": 20,
"sizeFrom": 5000,
"sizeTo": 0,
"strokeFrom": 9,
"strokeTo": 20,
"colorFrom": "F2FF9C",
"colorTo": "F2FF9C"
    },
    {
"type": "WaveEffect",
"lifetime": 20,
"startDelay":20,
"sizeFrom": 5000,
"sizeTo": 0,
"strokeFrom": 9,
"strokeTo": 20,
"colorFrom": "F2FF9C",
"colorTo": "F2FF9C"
    },
    {
"type": "WaveEffect",
"lifetime": 20,
"startDelay":40,
"sizeFrom": 5000,
"sizeTo": 0,
"strokeFrom": 9,
"strokeTo": 20,
"colorFrom": "F2FF9C",
"colorTo": "F2FF9C"
    },
    {
"type": "WaveEffect",
"lifetime": 20,
"startDelay":60,
"sizeFrom": 5000,
"sizeTo": 0,
"strokeFrom": 9,
"strokeTo": 20,
"colorFrom": "F2FF9C",
"colorTo": "F2FF9C"
    },
    {
"type": "WaveEffect",
"lifetime": 20,
"startDelay":80,
"sizeFrom": 5000,
"sizeTo": 0,
"strokeFrom": 9,
"strokeTo": 20,
"colorFrom": "F2FF9C",
"colorTo": "F2FF9C"
    },
    {
"type": "WaveEffect",
"lifetime": 20,
"startDelay":100,
"sizeFrom": 5000,
"sizeTo": 0,
"strokeFrom": 9,
"strokeTo": 20,
"colorFrom": "F2FF9C",
"colorTo": "F2FF9C"
    }
    ]},
    "despawnEffect": {
    "type": "ParticleEffect",
    "particles": 1,
    "sizeFrom": 260,
    "sizeTo": 0,
    "length": 0,
    "baseLength": 0,
    "lifetime": 130,
    "colorFrom": "F2FF9C",
    "colorTo": "F2FF9C",
    "cone": 360
    },
    "smokeEffect": {
    "type": "ParticleEffect",
    "particles": 32,
    "sizeFrom": 15,
    "sizeTo": 0,
    "length": 220,
    "baseLength": 0,
    "lifetime": 70,
    "interp": "fastSlow",
    "colorFrom": "F2FF9CAA",
    "colorTo": "ffffff",
    "cone": 50
    },
    "hitEffect": {
    "type": "MultiEffect",
    "effects": [
    {	"type": "ParticleEffect",
    "particles": 1,  
    "baseLength": 1,
    "length":0,
    "lifetime": 90,
    "spin":1,
    "interp": "fastSlow",
    "region":"饱和火力-星",
    "sizeFrom": 720,
    "sizeTo": 0,
    "colorFrom": "F2FF9C",
    "colorTo": "ffffff",
    "cone":360 },
    {
    "type": "ParticleEffect",
    "particles": 1,
    "sizeFrom": 20,
    "sizeTo": 240,
    "length": 0,
    "baseLength": 0,
    "lifetime": 40,
    "colorFrom": "F2FF9C",
    "colorTo": "F2FF9C00",
    "cone": 360
    },
    {
"type": "WaveEffect",
"lifetime": 40,
"sizeFrom": 20,
"sizeTo": 240,
"strokeFrom": 6,
"strokeTo": 6,
"colorFrom": "F2FF9C",
"colorTo": "F2FF9C00"
    },
    {
    "type": "ParticleEffect",
    "particles": 42,
    "sizeFrom": 89,
    "sizeTo": 0,
    "length": 180,
    "baseLength": 90,
    "lifetime": 200,
    "interp": "fastSlow",
    "colorFrom": "F2FF9CFF",
    "colorTo": "F2FF9C70",
    "cone": 360},
    {"type":"ParticleEffect",
        "particles": 92,
        "line": true,
        "strokeFrom": 8,
        "strokeTo": 0,
        "lenFrom": 80,
        "lenTo": 0,
        "length": 380,
        "baseLength": 20,
        "lifetime": 32,
        "colorFrom": "FEEBB3FF",
        "colorTo": "FEEBB3FF",
    "cone": 360}
    ]
    },
    "bulletInterval": 3.5,
    "intervalBullets": 1,
    "intervalRandomSpread": 360,
    "intervalSpread": 60,
    "intervalAngle": 0,
    "intervalBullet":{
        "type":"BasicBulletType",
		"hitSound":"explosionbig",
		"width":35,	"height":35,
		"sprite":"large-bomb",
        "spin":6,
        "drag":1,
		"shrinkX":0.2,
		"shrinkY":0.2,
		"status":"崩溃",
		"statusDuration":125,
		"hitShake":8,
		"backColor":"F2FF9CFF",
		"frontColor":"FFFFFF",
		"hitEffect":{"type": "MultiEffect",
	"effects": [
	    {"type": "ParticleEffect",
    "particles": 1,
    "sizeFrom": 80,
    "sizeTo": 9,
    "length": 0,
    "baseLength": 0,
    "lifetime":18,
    "colorFrom": "F2FF9C80",
    "colorTo": "FFFFFF00",
    "cone": 360},
	{"type": "ParticleEffect",
    "particles": 40,
    "interp": "fastSlow",
    "sizeFrom": 10,
    "sizeTo": 0,
    "length": 35,
    "baseLength": 133,
    "lifetime": 35,
    "colorFrom": "F2FF9CFF",
    "colorTo": "FFFFFF",
    "cone": 360},
    {"type": "WaveEffect",
    "lifetime": 30,
    "sizeFrom": 0,
    "sizeTo": 160,
    "strokeFrom": 11,
    "strokeTo": 0,
    "colorFrom": "F2FF9CFF",
    "colorTo": "ffffff"},
    {"type": "WaveEffect",
    "lifetime": 10,
    "sizeFrom": 1,
    "sizeTo": 78,
    "strokeFrom": 8,
    "strokeTo": 0,
    "colorFrom": "F2FF9CFF",
    "colorTo": "ffffff"}]},
    "despawnEffect":{"type": "ParticleEffect",
    "particles": 13,
    "line":true,
    "strokeFrom": 6,
    "strokeTo": 0,
    "lenFrom":200,
    "lenTo":0,
    "length": 1,
    "baseLength": 3,
    "lifetime": 22,
    "colorFrom": "F2FF9C",
    "colorTo": "F2FF9C00",
    "cone": 360},
	"collides":false,
	"lightningDamage":95,
	"lightning":3,
	"lightningLength":16,
	"lightningColor":"F2FF9CFF",
	"speed":0,"lifetime": 20,
	"splashDamageRadius":160,
	"splashDamage":750},
    "fragLifeMin":0.3,
    "fragLifeMax":2,
    "fragBullets":90,
	"fragBullet":{
        "type":"BasicBulletType",
		"hitSound":"explosionbig",
		"width":24,	"height":24,
		"sprite":"circle-bullet",
		"shrinkX":0.2,
		"shrinkY":0.2,
		"status":"崩溃",
		"statusDuration":125,
		"hitShake":8,
		"backColor":"F2FF9CFF",
		"frontColor":"FFFFFF",
	"hitEffect":{"type": "MultiEffect",
	"effects": [
	{"type": "ParticleEffect",
    "particles": 1,
    "sizeFrom": 30,
    "sizeTo": 9,
    "length": 0,
    "baseLength": 0,
    "lifetime":70,
    "colorFrom": "F2FF9C",
    "colorTo": "FFFFFF00",
    "cone": 360},
	{"type": "ParticleEffect",
    "particles": 20,
    "interp": "fastSlow",
    "sizeFrom": 10,
    "sizeTo": 0,
    "length": 133,
    "baseLength": 35,
    "lifetime": 35,
    "colorFrom": "F2FF9CFF",
    "colorTo": "FFFFFF",
    "cone": 360},
    {"type": "WaveEffect",
    "lifetime": 30,
    "sizeFrom": 0,
    "sizeTo": 160,
    "strokeFrom": 11,
    "strokeTo": 0,
    "colorFrom": "F2FF9CFF",
    "colorTo": "ffffff"},
    {"type": "WaveEffect",
    "lifetime": 10,
    "sizeFrom": 1,
    "sizeTo": 78,
    "strokeFrom": 8,
    "strokeTo": 0,
    "colorFrom": "F2FF9CFF",
    "colorTo": "ffffff"}]},
    "despawnEffect":{"type": "MultiEffect",
	"effects": [
        {"type": "ParticleEffect",
    "particles": 6,
    "line":true,
    "strokeFrom": 6,
    "strokeTo": 0,
    "lenFrom":200,
    "lenTo":0,
    "length": 1,
    "baseLength": 3,
    "lifetime": 22,
    "colorFrom": "F2FF9C",
    "colorTo": "F2FF9C80",
    "cone": 360},
    {"type": "ParticleEffect",
    "particles": 7,
    "line":true,
    "strokeFrom": 5,
    "strokeTo": 0,
    "lenFrom":130,
    "lenTo":0,
    "length": 1,
    "baseLength": 3,
    "lifetime": 22,
    "colorFrom": "F2FF9CA0",
    "colorTo": "F2FF9C00",
    "cone": 360},
    {"type": "ParticleEffect",
    "particles": 4,
    "line":true,
    "strokeFrom": 4,
    "strokeTo": 0,
    "lenFrom":90,
    "lenTo":0,
    "length": 1,
    "baseLength": 3,
    "lifetime": 22,
    "colorFrom": "F2FF9C80",
    "colorTo": "F2FF9C00",
    "cone": 360}
    ]},
	"lightningDamage":225,
	"lightning":3,
	"lightningLength":36,
	"lightningColor":"F2FF9CFF",
	"speed": 100,
    "lifetime": 60,
    "drag": 0.1,
    "trailColor": "F2FF9C",
    "trailLength": 3,
    "trailWidth": 4,
    "damage":570,
	"splashDamageRadius":160,
	"splashDamage":600,
    "fragBullets":3,
    "fragBullet":{
        "type":"PointBulletType",
        "trailSpacing": 11,
        "trailEffect":{
    "type": "ParticleEffect",
    "particles": 1,
    "length":0,
    "baseLength": 1,
    "lifetime": 15,
    "line": true,
    "randLength": false,
    "lenFrom": 12,
    "lenTo":12,
    "strokeFrom": 10,
    "strokeTo": 0,
    "colorFrom": "F2FF9CFF",
    "colorTo": "F2FF9CFF",
    "cone":0 },
        "lifetime": 15,
        "speed": 15,
        "status":"崩溃",
        "statusDuration":180,
        "splashDamageRadius": 45,
        "splashDamage": 120,
        "hitShake":5,
        "hitSound": "laser",
    "hitEffect":{
        "type": "MultiEffect",
        "effects": [    
        {
        "type": "ParticleEffect",
        "particles": 1,
        "sizeFrom": 33,
        "sizeTo": 0,
        "length": 0,
        "baseLength": 0,
        "lifetime": 18,
        "colorFrom": "F2FF9C",
        "colorTo": "F2FF9C",
        "cone": 360
        },
    {
    "type": "WaveEffect",
    "lifetime": 15,
    "sizeFrom": 0,
    "sizeTo": 45,
    "strokeFrom": 6,
    "strokeTo": 0,
    "colorFrom": "F2FF9CFF",
    "colorTo": "F2FF9CFF"
    }
        ]},
    "despawnEffect":"none"}
    }
    },
    "consumes": {
        "power": 50000,
        "liquid": "纳米流体/24"
    },
    "reload": 150,
    "rotateSpeed": 1,
    "shootCone":1,
    "range": 3200,
    "category":"turret",
	"research": {
		"parent": "战研",
		"objectives": [
			{
				"type": "SectorComplete",
				"preset": "溢裂要塞"
			}]},
    "requirements": [
        "纳米核/12000","泰勒合金/30000","莱普合金/20000"
    ]
}