{
    "description": "在前线建立一个可拆除的先锋作战基地，装甲厚重。\n在[yellow]同一个区块[red]中存在过多核心会导致中央数据库过载爆炸。\n[yellow]区块核心总承载上限：8",
	"research": {
		"parent": "core-foundation",
		"objectives": [
			{
				"type": "SectorComplete",
				"preset": "extractionOutpost"
			}]},
    "requirements": [
    {"amount": 800, "item": "copper"},
    {"amount": 800, "item": "lead"},
    {"amount": 500, "item": "silicon"},
    {"amount": 500, "item": "titanium"}
    ],
    "unitType": "beta",
    "health": 4000,
    "itemCapacity": 2000,
    "size": 3,
    "unitCapModifier": 15,
    "researchCostMultiplier": 0.5,
    "category": "effect"
}
