{
    "type": "MendProjector",
	"name": "区块建筑监测站",
	"description": "监测所在区块内建筑状态，并定期修复受损建筑，加装纳米核可以增加修复频率",
	"details":"被摧毁后释放残余纳米机器人修复附近任何单位与建筑", 
	"health": 1800,
	"size": 4,
	"range": 7200,
	"reload": 1200,
	"healPercent": 100,
	"canOverdrive": false,
	"phaseRangeBoost":0,
	"phaseBoost":1,
	"consumes": {
		"power": 10,
		"items":{"items":[
	{"item":"纳米核","amount":2}
	],
	"booster":true,
	"optional":true
		}
	},
	"destroyBullet":{ 
	"type":"BasicBulletType",
	"width": 30,	"height":30,
	"hitShake": 6,
	"damage":80,
	"sprite":"circle-bullet",  
    "shrinkY":0,
    "speed":0,
    "lifetime":90,
    "collides":false,
	"despawnEffect":{"type": "WaveEffect",
    "lifetime": 23,
    "sizeFrom": 4,"sizeTo": 160,
    "strokeFrom":6,"strokeTo":0,
    "colorFrom":"97FFA8FF",
    "colorTo": "97FFA8FF"},
    "hitEffect":"none",
    "frontColor":"FFFFFF",
    "backColor":"97FFA8FF",
	"shootEffect":"none",
	"smokeEffect":"none",
    "fragLifeMin":1,
    "fragBullets":50,
	"fragBullet":{
  "type":"BasicBulletType",
	"height": 15,"width":8,
	"damage":-20,
    "shrinkY":0,
    "absorbable":false,
	"homingPower":0.08,
    "homingRange": 300, 
	"speed":5,"lifetime":300,
    "collidesTeam":true,
	"status":"electrified",
	"statusDuration":600,
    "frontColor":"97FFA8FF",	
    "backColor":"97FFA8FF",
    "trailLength":6,
	"trailWidth":2,
    "trailColor":"97FFA8FF", 
    "shootEffect":"none",
    "smokeEffect": "none",
	"hitSound":"none",
	"despawnEffect":{"type": "WaveEffect",
    "lifetime": 13,
    "sizeFrom": 2,"sizeTo": 15,
    "strokeFrom":6,"strokeTo":0,
    "colorFrom":"97FFA8FF",
    "colorTo": "97FFA8FF"},
	"hitEffect":
    {"type": "WaveEffect",
    "lifetime": 13,
    "sizeFrom": 2,"sizeTo": 15,
    "strokeFrom":6,"strokeTo":0,
    "colorFrom":"97FFA8FF",
    "colorTo": "97FFA8FF"}
    }},
	"requirements": [
	{ "item":"copper","amount":330},	
	{ "item":"silicon","amount":300},
	{ "item":"titanium","amount":200},
	{ "item":"plastanium","amount":230},
	{ "item":"surge-alloy","amount":125},
	{ "item":"纳米核","amount":20},	
	{ "item":"一级协议","amount":3}
	],
	"category": "effect",
	"research":"纳米修"
}