{

    "description": "汝欲和平，必先战争",
    "details":"[red]警告！慎重确定建设位置，确定后不可拆除。\n附加怨灵作为基础防御设施。",
	"research": {
		"parent": "core-nucleus",
		"objectives": [
			{
				"type": "SectorComplete",
				"preset": "第五战区"
			}]},
    "armor":22,
    "requirements": [
    {"amount": 10000, "item": "copper"},
    {"amount": 13000, "item": "lead"},
    {"amount": 15000, "item": "silicon"},
    {"amount": 12000, "item": "thorium"},
    {"amount": 5, "item": "二级协议"},
    {"amount": 1, "item": "三级协议"}
    ],
    "unitType": "欧米茄",
    "health": 12000,
    "itemCapacity": 30000,
    "size": 8,
    "unitCapModifier": 35,
    "researchCostMultiplier": 0.8,
    "category": "effect"
}