{
	"type": "PowerTurret",
	"name": "裂位雷达",
	"description": "使用高能粒子束持续照射并标记敌人，辅助炮台瞄准。被标记的单位会试图摆脱",
    "health": 2600,
	"size":5,
	"reload": 120,
	"targetGround":true,
	"targetAir":true,
	"range": 1600,
	"inaccuracy": 0,
	"rotateSpeed": 0,
	"shootSound": "wave",
	"canOverdrive": false,
	"recoil":0,
	"shootY":0,
	"shootCone":360,
	"ammoUseEffect":"none",
    "consumes": {
        "power": 15},
    "drawer":{
        "type": "DrawMulti",
    "drawers": [
    "DrawDefault",
    {"type": "DrawTurret",
            "parts": [
    {
        "type": "HaloPart",
        "progress": "warmup",
        "rotateSpeed": 0,
        "shapeRotation":0,
        "sides": 3,
        "shapes": 5,
        "color": "ffffff00",
        "colorTo":"EEC591",
        "tri": true,
        "radius": 0,
        "radiusTo": 6,
        "triLength": 0,
        "triLengthTo": 40,
        "haloRadius": 45,
        "haloRotation": 0,
        "haloRotateSpeed": 1,
        "layer": 110
        },
    {
        "type": "HaloPart",
        "progress": "warmup",
        "rotateSpeed": 0,
        "shapeRotation":180,
        "sides": 3,
        "shapes": 5,
        "color": "ffffff00",
        "colorTo":"EEC591",
        "tri": true,
        "radius": 0,
        "radiusTo": 6,
        "triLength": 0,
        "triLengthTo": 10,
        "haloRadius": 45,
        "haloRotation": 0,
        "haloRotateSpeed": 1,
        "layer": 110
        }
    ]},
    {"type":"DrawRegion",
    "suffix":"-面",
    "spinSprite":true,
    "rotateSpeed":0.8},
	{"type":"DrawRegion",
    "suffix":"-顶",
    "spinSprite":true,
    "rotateSpeed":-0.8}
    ]
},
    "shootType": {
	"type":"BasicBulletType",
	"speed": 0,
	"instantDisappear":true,
	"ammoMultiplier": 1,
	"shootEffect":{
        "type": "WaveEffect",
        "lifetime": 90,
        "startDelay":5,
        "sizeFrom": 0,
        "sizeTo": 1600,
        "strokeFrom": 1,
        "strokeTo": 20,
        "colorFrom": "EEC59190",
        "colorTo": "EEC59100"},
	"smokeEffect":{
        "type": "WaveEffect",
        "lifetime": 90,
        "startDelay":10,
        "sizeFrom": 0,
        "sizeTo": 1600,
        "strokeFrom": 1,
        "strokeTo": 20,
        "colorFrom": "EEC59190",
        "colorTo": "EEC59100"},
	"splashDamageRadius":1600,
	"splashDamage":0.5,
	"buildingDamageMultiplier":0,
    "hitEffect":"none",
    "despawnEffect":"none",
    "statusDuration":220,
    "status":"裂位标记"
	},
	"requirements": [
    "镄/120","硅钢/230","裂位能/50","二级协议/1"
	],
	"category": "effect",
	"research": "短波雷达"
}
