{
    "type":"LaunchPad", 
    "name":"裂位发射台", 
    "description":"使用裂位引擎发射更多物品，需要更长充能时间。", 
    "health":3000,
    "size":5, 
    "itemCapacity":500,
    "launchTime":3000,
    "hasPower":true, 
    "consumes": {"power":18  },
	"requirements": [
    { "item":"copper","amount":300},
	{ "item":"silicon","amount":320},
	{ "item":"硅钢","amount":360},
	{ "item": "裂位能", "amount":300 } ,
	{ "item":"二级协议","amount":0}	],
	"category": "effect",
	"research":"launch-pad",
	"buildVisibility":"campaignOnly"
}