{
	"name": "过载投影仪",
	"description": "提供极高超载场，需要超容量载体和持续供冷，不建议持续使用。[red]否则电力负载将无法承受且部分工厂会因此宕机",
	"type": "OverdriveProjector",
	"health": 780,
	"size": 3,
	"range": 160,
	"reload": 60,
	"phaseRangeBoost":0,
	"speedBoostPhase":0,
	"speedBoost": 30,
	"hasBoost":true,
	"canOverdrive": false,
	"consumes": {
		"power": 20,
		"liquid":{"liquid":"cryofluid","amount":"4.8"},
	"items":{	"items":[
	{"item":"泰勒合金","amount":5}],
		"booster":false,
		"optional":false
	}
		},
	"requirements": [
	{ "item":"镄","amount":720},
	{ "item":"silicon","amount":300},
	{ "item":"硅钢","amount":250},
	{ "item":"泰勒合金","amount":150},
	{ "item":"三级协议","amount":3}
	],
	"category": "effect",
	"research":"裂位超速穹顶"
}