{
	"type":"ForceProjector",
	"name":"铁穹",
	"description":"大型穹顶发射器。生成一个大范围吉瓦级力场，消耗大量电力，装载裂位能提升护盾承伤能力",
	"health":13500,
	"size":5,
	"radius":360,
	"canOverdrive": false,
	"shieldHealth": 22000,
	"phaseRadiusBoost":0,
	"phaseShieldBoost":8000,
	"cooldownNormal":5,
	"cooldownLiquid":1.5,
    "liquidCapacity": 300,
	"cooldownBrokenBase":3,
	"baseExplosiveness":350,
	"itemCapacity":20,
	"coolantConsumption":0.5,
	"absorbEffect":{
		"type": "ParticleEffect",
		"particles": 1,
		"sizeFrom": 5,
		"sizeTo": 0,
		"length": 0,
		"baseLength": 0,
		"lifetime": 180,
		"colorFrom": "FEEBB3FF",
		"colorTo": "FEEBB300"},
	"consumes":{
	"power":10,
	"items":{	"items":[
	{"item":"裂位能","amount":2}],
		"booster":true,
		"optional":true
	}},
	"requirements":[
	{ "item":"lead","amount":800},
	{ "item":"silicon","amount":650},
	{ "item":"plastanium","amount":650},
	{ "item":"硅钢","amount":500},
	{ "item":"泰勒合金","amount":150},
	{ "item":"二级协议","amount":1}
	],
	"research": "铁幕",
	"category": "effect"
}