{
    "details":"为适应前线安装更强的激光发射器与护甲，携带纳米修复仪",
    "health":1700,
    "armor":8,
    "abilities": [
{ "type": "StatusFieldAbility",
    "duration": 30,
    "reload": 330,
    "range": 40,
    "applyEffect":"none",
    "activeEffect":{"type": "WaveEffect",
    "lifetime": 20,
    "sizeFrom":40,
    "sizeTo": 40,
    "strokeFrom": 1.3,
    "strokeTo": 0,
    "colorFrom": "97FFA8FF",
    "colorTo": "ffffff"},
    "effect":"修复"  }	  ],
    "weapons":[
	{	"name": "O枪",	
		"reload": 20, 
        "x": 8,  "y": -6,
        "rotate": true,
        "rotateSpeed":9,
        "inaccuracy":0,
		"shootSound": "lasershoot",
		"bullet":{	
	"type":"LaserBoltBulletType",
    "frontColor":"FFFFFF",	
    "backColor":"97FFA8FF",
	"healPercent":6,
    "damage":13,
   	"pierce": true,	
	"pierceCap":2,
    "collidesTeam":true,
    "speed":5, "lifetime":35,
    "width":2,	 "height":8	}},
    {	"name": "O枪",	
		"reload": 13, 
        "x": 4,  "y": 5,  
        "rotate": true,
        "rotateSpeed":9,
        "inaccuracy":0,
		"shootSound": "lasershoot",
		"bullet":{	
	"type":"LaserBoltBulletType",
    "frontColor":"FFFFFF",	
    "backColor":"97FFA8FF",
	"healPercent":4,
    "damage":11,
   	"pierce": true,	
	"pierceCap":2,
    "collidesTeam":true,
    "speed":5.2, "lifetime":35,
    "width":2,	 "height":8	}	}]
}