{
	"type": "UnitFactory",
	"name": "none",
	"description":"放boss用于改作弊mod造价",
    "health":10,
	"size":9,
	"consumes":{"power":99999},
	"plans":[
		{ "unit": "泰坦", "time": 999999999,
	"requirements": [
	{"item": "copper", "amount": 999999999},
	{"item": "lead", "amount": 999999999},
	{"item": "titanium", "amount": 999999999},
	{"item": "metaglass", "amount": 999999999},
	{"item": "thorium", "amount": 999999999},
	{"item": "graphite", "amount": 999999999},
	{"item": "silicon", "amount":999999999},
	{ "item": "plastanium", "amount": 999999999 },
	{ "item": "surge-alloy", "amount": 999999999 },
	{ "item": "phase-fabric", "amount": 999999999 },
        { "item": "硅钢", "amount": 999999999},	
        { "item": "纳米核", "amount": 999999999},
        { "item": "裂位能", "amount": 999999999},	
        { "item": "莱普合金", "amount": 999999999},	
        { "item": "泰勒合金", "amount": 999999999},	
        { "item": "镄", "amount": 999999999},	
        { "item": "一级协议", "amount": 999999999},	
        { "item": "二级协议", "amount": 999999999},	
		{ "item": "三级协议", "amount": 999999999}]},
		{ "unit": "伯劳", "time": 999999999,
	"requirements": [
	{"item": "copper", "amount": 999999999},
	{"item": "lead", "amount": 999999999},
	{"item": "titanium", "amount": 999999999},
	{"item": "metaglass", "amount": 999999999},
	{"item": "thorium", "amount": 999999999},
	{"item": "graphite", "amount": 999999999},
	{"item": "silicon", "amount":999999999},
	{ "item": "plastanium", "amount": 999999999 },
	{ "item": "surge-alloy", "amount": 999999999 },
	{ "item": "phase-fabric", "amount": 999999999 },
        { "item": "硅钢", "amount": 999999999},	
        { "item": "纳米核", "amount": 999999999},
        { "item": "裂位能", "amount": 999999999},	
        { "item": "莱普合金", "amount": 999999999},	
        { "item": "泰勒合金", "amount": 999999999},	
        { "item": "镄", "amount": 999999999},	
        { "item": "一级协议", "amount": 999999999},	
        { "item": "二级协议", "amount": 999999999},	
		{ "item": "三级协议", "amount": 999999999}]},
		{ "unit": "利刃", "time": 999999999,
	"requirements": [
	{"item": "copper", "amount": 999999999},
	{"item": "lead", "amount": 999999999},
	{"item": "titanium", "amount": 999999999},
	{"item": "metaglass", "amount": 999999999},
	{"item": "thorium", "amount": 999999999},
	{"item": "graphite", "amount": 999999999},
	{"item": "silicon", "amount":999999999},
	{ "item": "plastanium", "amount": 999999999 },
	{ "item": "surge-alloy", "amount": 999999999 },
	{ "item": "phase-fabric", "amount": 999999999 },
        { "item": "硅钢", "amount": 999999999},	
        { "item": "纳米核", "amount": 999999999},
        { "item": "裂位能", "amount": 999999999},	
        { "item": "莱普合金", "amount": 999999999},	
        { "item": "泰勒合金", "amount": 999999999},	
        { "item": "镄", "amount": 999999999},	
        { "item": "一级协议", "amount": 999999999},	
        { "item": "二级协议", "amount": 999999999},	
		{ "item": "三级协议", "amount": 999999999}]},
		{ "unit": "亚龙", "time": 999999999,
	"requirements": [
	{"item": "copper", "amount": 999999999},
	{"item": "lead", "amount": 999999999},
	{"item": "titanium", "amount": 999999999},
	{"item": "metaglass", "amount": 999999999},
	{"item": "thorium", "amount": 999999999},
	{"item": "graphite", "amount": 999999999},
	{"item": "silicon", "amount":999999999},
	{ "item": "plastanium", "amount": 999999999 },
	{ "item": "surge-alloy", "amount": 999999999 },
	{ "item": "phase-fabric", "amount": 999999999 },
        { "item": "硅钢", "amount": 999999999},	
        { "item": "纳米核", "amount": 999999999},
        { "item": "裂位能", "amount": 999999999},	
        { "item": "莱普合金", "amount": 999999999},	
        { "item": "泰勒合金", "amount": 999999999},	
        { "item": "镄", "amount": 999999999},	
        { "item": "一级协议", "amount": 999999999},	
        { "item": "二级协议", "amount": 999999999},	
		{ "item": "三级协议", "amount": 999999999}]}],
	"requirements": [
		{ "item": "silicon", "amount": 3600},	
		{ "item": "lead", "amount": 2500},
		{ "item": "titanium", "amount": 2000},	
		{ "item": "thorium", "amount": 1500},
		{ "item": "phase-fabric", "amount": 1250},
		{ "item": "plastanium", "amount": 1500},
		{ "item": "surge-alloy", "amount": 1300},
		{ "item": "镄", "amount": 750 },
		{ "item": "二级协议", "amount": 3},	
		{ "item": "三级协议", "amount": 99999}
	    ],
	"category":"units",
	"buildVisibility":"debugOnly",
	"research":"none"
}