{
	"type": "UnitFactory",
	"name": "实验工厂",
	"description": "生产强大的[YELLOW]特殊战斗单位\n[red]谨慎使用。",
	"details": "由泰特级单位重构工厂改造而来，其完备的设施足以直接组建大型单位",
    "health":17000,
	"size":13,
	"consumes":{
		"power":30
	},
	"plans":[
	{ "unit": "陆战6", "time": 39480,
	"requirements": [
		"silicon/3800","镄/870",
		"硅钢/800","plastanium/2100",
		"surge-alloy/1300",
		"裂位能/820","泰勒合金/730",
		"二级协议/3"
    ]},
	{ "unit": "空战6", "time": 39480,
	"requirements": [
		"silicon/3800","titanium/870",
		"硅钢/800","plastanium/2100",
		"surge-alloy/1300",
		"裂位能/820","泰勒合金/730",
		"二级协议/3"
    ]},
	{ "unit": "海战6", "time": 39480,
	"requirements": [
		"silicon/3800","metaglass/870",
		"硅钢/800","plastanium/2100",
		"surge-alloy/1300",
		"裂位能/820","泰勒合金/730",
		"二级协议/3"
    ]},
	{ "unit": "爬爬6", "time": 39480,
	"requirements": [
		"silicon/3800","titanium/870",
		"硅钢/800","plastanium/2100",
		"surge-alloy/1300",
		"裂位能/820","泰勒合金/730",
		"二级协议/3"
    ]},
	{ "unit": "路辅6", "time": 39480,
	"requirements": [
		"silicon/3800","纳米核/800",
		"硅钢/800","plastanium/2100",
		"surge-alloy/1300",
		"裂位能/820","泰勒合金/730",
		"二级协议/3"
    ]},
	{ "unit": "空辅6", "time": 39480,
	"requirements": [
		"silicon/3800","纳米核/800",
		"硅钢/800","plastanium/2100",
		"surge-alloy/1300",
		"裂位能/820","泰勒合金/730",
		"二级协议/3"
    ]},
	{ "unit": "海辅6", "time": 39480,
	"requirements": [
		"silicon/3800","纳米核/880",
		"硅钢/800","plastanium/2100",
		"surge-alloy/1300",
		"裂位能/820","泰勒合金/730",
		"二级协议/3"
    ]},
	{ "unit": "碎辰", "time": 18000,
	"requirements": [
   		{ "item": "silicon", "amount": 1700},
        { "item": "plastanium", "amount": 2000},
        { "item": "surge-alloy", "amount": 950},
        { "item": "phase-fabric", "amount": 850},
        { "item": "二级协议", "amount": 10},
		{ "item": "三级协议", "amount": 3}
    ]},
	{ "unit": "陆6", "time": 39480,
	"requirements": [
		"silicon/3800","镄/870",
		"硅钢/800","plastanium/2100",
		"surge-alloy/1300",
		"裂位能/820","泰勒合金/730",
		"二级协议/3"
    ]},
	{ "unit": "空6", "time": 39480,
	"requirements": [
		"silicon/3800","titanium/870",
		"硅钢/800","plastanium/2100",
		"surge-alloy/1300",
		"裂位能/820","泰勒合金/730",
		"二级协议/3"
    ]}


	],
	"requirements": [
	"lead/2500","silicon/3800",
	"titanium/2000","plastanium/1700",
	"surge-alloy/1300","phase-fabric/1200",
	"镄/2500","泰勒合金/1500",
	"二级协议/30","三级协议/5"
	    ],
	"category":"units",
	"canOverdrive": false,
	"buildVisibility": "sandboxOnly",
	"research": {
		"parent": "战研",
		"objectives": [
			{
				"type": "SectorComplete",
				"preset": "荒芜矿区"
			},
			{
				"type": "SectorComplete",
				"preset": "雷鸣裂谷"
			},
            {
				"type": "SectorComplete",
				"preset": "四面楚歌"
			}
			]}
}