{
	"type": "UnitFactory",
	"name": "特种工厂",
	"description": "研究并生产先进战斗单位。",
    "health":2800,
	"size":5,
	"consumes":{"power":18,		"liquid": {"liquid": "cryofluid", "amount": 0.6}	},
	"plans":[
	{ "unit": "攻城锤", 
	"time": 1800, 
	"requirements": [ 
{ "item": "silicon", "amount": 60},
{ "item": "graphite", "amount": 30},
{ "item": "硅钢", "amount": 15}
	]	},	
	{ "unit": "雷鸣", 
	"time":3000, 
	"requirements": [ 
{ "item": "silicon", "amount": 45 },
{ "item": "titanium", "amount": 50 },
{ "item": "plastanium", "amount": 20 }
]	},
	{ "unit": "工农", 
	"time":2400, 
	"requirements": [ 
{ "item": "lead", "amount": 55 },
{ "item": "silicon", "amount": 80 },
{ "item": "titanium", "amount": 50 },
{ "item": "纳米核", "amount": 10 }
]	},
	{ "unit": "长弓", 
	"time":5800, 
	"requirements": [ 
{ "item": "silicon", "amount": 200 },
{ "item": "titanium", "amount": 80 },
{ "item": "metaglass", "amount": 40 },
{ "item": "plastanium", "amount": 30 }
]	}],
	"requirements": [
    { "item": "copper", "amount": 800},
	{ "item": "silicon", "amount": 360},
    { "item": "硅钢","amount": 30},
    { "item": "纳米核", "amount": 20},
    { "item": "plastanium", "amount": 60},
    { "item": "二级协议", "amount": 1}	],
	"category":"units",
	"research":"前沿实验室"
}