{
   "type":"UnitAssembler",
   "name": "阔野管理中心",
   "description": "携带大量纳米机器人，分级建造方案，更快组装阔野战舰。\n可以修复附近的单位。\n[red]需要占用4台纳米组装无人机部署位！一旦部署位被占满，则失去建造阔野的能力！",
   "details":" [red]最高建造权限已授权！\n[white]这是要塞数据库中的意外惊喜，这种新技术允许我们[yellow]也能[white]在相对较短的时间中建造大型单位\n[red]现在正是 破局之时！",
   "health":6800,
   "size":10,
   "liquidCapacity":120,
   "consumes":{
       "power":40,
       "liquid": {"liquid": "纳米流体", "amount": 3.6}
   },
   "areaSize":28,
   "plans":[
       {
           "unit":"阔野",
           "time":18000,
           "requirements":[
        "饱和火力-竹林/1",
        "饱和火力-破晓/2",
        "饱和火力-错位/2",
        "饱和火力-折跃/6",
        "饱和火力-裂位收容块/5",
        "饱和火力-装甲收容块/20"
           ]
       }
   ],
   "droneType":"组装无人机",
   "requirements": [
	"镄/2000","silicon/2200",
	"纳米核/5000","plastanium/1700",
	"泰勒合金/1200","裂位能/1300",
	"镄/2500","泰勒合金/1500",
	"二级协议/50","三级协议/20"
	    ],
	"category":"units",
	"canOverdrive": false,
	"buildVisibility": "sandboxOnly",
	"research": {
		"parent": "实验工厂",
		"objectives": [
            {
				"type": "SectorComplete",
				"preset": "溢裂要塞"
			}
			]}
}