{
	"type": "flying",
	"name": "霜雪",
	"description": "攻击附近所有敌人。发射急冻弹与小型震爆弹。",
	"speed": 2.2,	
	"drag":0.04,"accel":0.1,
	"rotateSpeed":8,
	"ammoType":{
	"type":"PowerAmmoType",
	"totalPower":200},
	"ammoCapacity": 400,
	"hitSize":12, 
	"buildSpeed": 0.5,
	"flying": true,
	"faceTarget": true,
	"health": 450,
	"armor":4,
	"engineOffset": 7,
	"engineSize": 2,
	"research": "空1",
	"weapons":[ {"name":"激光枪",
	"x":-3.5,"y":4.5,
	"reload":11,
	"top":false,
	"rotate": false,
	"shootSound":"JG1",
	"bullet":{
		"type": "BasicBulletType",
        "frontColor": "87CEEB",
        "backColor": "87CEEB",
        "width": 4,
        "height": 8,       
        "trailLength": 1,
        "trailWidth": 1.3,
        "trailColor": "87CEEB",
        "status": "freezing",
        "statusDuration": 180,
	"shootEffect":"none",
	"smokeEffect":"none",
	"hitEffect":{"type": "WaveEffect",
    "lifetime": 20,
    "sizeFrom": 1,
    "sizeTo": 8,
    "strokeFrom": 3,
    "strokeTo": 0,
    "colorFrom": "c0ecff",
    "colorTo": "c0ecff"},
    "despawnEffect":"none",
	"damage": 14,
	"speed": 10,"lifetime":20} 	},
	{"name":"蜂巢",
	 "x":4,"y":-2,
	 "reload":60,
	 "rotate": true,
	 "rotateSpeed":2,
	 "shootSound":"missile",
	"bullet":{
	"type":"MissileBulletType",
	"damage": 14,	 
	"splashDamageRadius":20,
	"splashDamage":18,
	"status":"unmoving",
    "statusDuration":5,
	"shootEffect":"none",
	"smokeEffect":"none",
	"hitEffect":{"type": "MultiEffect",
	"effects": [
	{"type": "ParticleEffect",
    "particles": 8,
    "sizeFrom": 3,
    "sizeTo": 0,
    "length": 25,
    "baseLength": 0,
    "lifetime": 25,
    "colorFrom": "c0ecff",
    "colorTo": "ffffff",
    "cone": 360},
    {"type": "WaveEffect",
    "lifetime": 15,
    "sizeFrom": 1,
    "sizeTo": 8,
    "strokeFrom": 8,
    "strokeTo": 0,
    "colorFrom": "c0ecff",
    "colorTo": "c0ecff"}]},
    "despawnEffect":"none",
	"width": 9,	"height": 9,
	"sprite":"circle-bullet",  
    "shrinkY":0,
    "frontColor":"FFFFFF",
    "backColor":"c0ecff",
    "trailLength":3,
    "trailWidth":4,
    "trailColor":"c0ecff",
	"speed": 4,
	"lifetime": 65	} 	
	}
	    ]
}
