{
	"type": "flying",
	"name": "燃空",
	"description": "攻击附近所有敌人。发射燃烧能量弹。向地面敌人投掷热能制导炸弹。",
	"speed": 2.6,
	"drag":0.03,"accel":0.05,
	"rotateSpeed":6,
	"ammoType":{
	"type":"PowerAmmoType",
	"totalPower":500},
	"ammoCapacity": 500,
	"hitSize":24, 
	"flying": true,
	"health": 1650,
	"armor":4,
	"engineOffset": 11,
	"engineSize": 3.5, 
	"faceTarget": true,
    "range":180,
    "circleTarget":true,
	"research": "空2",
	"weapons":[ 
{	"name": "燃烧枪",
"reload": 6, 
"x": 8,  "y":8, 
"top":false,
"rotate": false,
"inaccuracy": 1,
"shootSound": "JG1",
"alternate": true,
"minShootVelocity":1,
	"bullet":{
    "type":"RailBulletType",
    "damage":20,
    "pierce": false,
    "pierceEffect":"none",
    "pointEffectSpace":8,
    "pointEffect":{
        "type": "ParticleEffect",
        "particles": 1,
        "line": true,
        "randLength": false,
        "lenFrom": 9,
        "lenTo":9,
        "strokeFrom": 3,
        "strokeTo": 0,
        "length": 0,
        "baseLength": 1,
        "lifetime": 3,
        "colorFrom": "FF8C00",
        "colorTo": "FF8C00",
        "cone": 0},
    "shrinkY":0,
    "shootEffect":"none",
    "smokeEffect":"none",
    "hitEffect":{
    "type": "ParticleEffect",
    "particles": 5,
    "lifetime": 10,
    "sizeFrom": 3,
    "sizeTo": 0,
    "colorFrom": "FF8C00",
    "colorTo": "FF8C00"
    },
    "backColor":"FF8C00",
    "frontColor":"FFFFFF",
    "status":"burning",
    "statusDuration":180,
    "speed":8,
    "lifetime":23,
    "width":6,	 "height":9
	}	},
   {"name":"燃空2",
	"x":4,"y":-3,
	"reload":100,
	"shoot":{
	    "shots":5,
	    "shotDelay":8},
    "inaccuracy": 6,
	"rotate": false,
	"shootSound":"missile",
	"shootCone":80,
	"ignoreRotation":true,
	"minShootVelocity": 1,
	"bullet":{
	"type":"BombBulletType",
	"splashDamageRadius":35,
	"splashDamage":40,
    "incendAmount": 3,
    "incendSpread": 15,
    "incendChance": 0.1,
    "makeFire":true,
	"width": 8,
	"height": 8,
	"lifetime": 30,
	"hitEffect":{
"type": "MultiEffect",
	"effects": [
	{"type": "ParticleEffect",
    "particles": 9,
    "sizeFrom": 6,
    "sizeTo": 0,
    "length": 35,
    "baseLength": 0,
    "lifetime": 25,
    "colorFrom": "FF8C00",
    "colorTo": "ffffff",
    "cone": 360},
    {"type": "WaveEffect",
    "lifetime": 15,
    "sizeFrom": 1,
    "sizeTo": 30,
    "strokeFrom": 4,
    "strokeTo": 0,
    "colorFrom": "FF8C00",
    "colorTo": "FF8C00"}]
	},
	"despawnEffect":"none",
	"sprite":"missile-large",  
    "shrinkY":0.5,
    "shrinkX":0.5,
    "backColor":"FF8C00",
    "frontColor":"FFFFFF", 
    "status":"burning",
	"statusDuration":180
	} 	}
	    ]
}
