{
	"type": "flying",
	"name": "雷暴",
	"description": "发射磁爆能量弹与雷雨生成器。拥有小型护盾发生器。",  
 	"details":"在雨天能够发挥最高杀伤能力。",
	"ammoType":{
	"type":"PowerAmmoType",
	"totalPower":2200},
	"ammoCapacity": 1400,
    "speed": 0.8,
    "drag":0.05,
	"accel":0.04,
	"flying": true,
	"engineOffset": 12,	
	"engineSize": 15,
    "hitSize": 59,
    "faceTarget": true,
    "lowAltitude":true,
    "health": 45700,
    "armor": 15,
    "buildSpeed":5,
    "rotateSpeed": 1.2,
    "itemCapacity": 100,
    "abilities": [
    {
    "type":"ForceFieldAbility",
    "radius": 80,
    "regen": 6,
    "max": 3500,
    "cooldown": 300}
    ],
	"research": "空4",
	"weapons":[
{"name":"滚雷",
	"reload":40,
	"x":16,"y":8,
	"shootY":5,
	"rotate": true,
	"alternate" :true,
	"rotateSpeed":9,
	"shake":2,
	"shootSound":"laser",
	"bullet":{
	"sprite":"circle-bullet",  
    "trailLength":3,
    "trailWidth":2, 
    "shrinkY":0,
    "hitShake":3,
    "frontColor":"FFFFFF",
    "backColor":"c0ecff",
    "trailColor":"c0ecff",
	"width": 10,	"height": 10,
	"speed": 8,	"lifetime": 40,	
	"damage":45,
    "status":"unmoving",
	"statusDuration":10,
	"lightningDamage":37,
	"lightning":5,
	"lightningLength":9,
    "lightningColor":"c0ecff",
	"splashDamageRadius":48,
	"splashDamage":65,
	"shootEffect":{"type": "ParticleEffect",
    "particles": 9,
    "sizeFrom": 3,
    "sizeTo": 0,
    "length": 55,
    "baseLength": 20,
    "lifetime": 10,
    "colorFrom": "c0ecff",
    "colorTo": "87ceeb",   "cone": 30},
	"despawnEffect":"lancerLaserShoot",
    "hitEffect":{
	"type": "MultiEffect",
	"effects": [
	{"type": "ParticleEffect",
    "particles": 9,
    "sizeFrom": 10,
    "sizeTo": 0,
    "length": 55,
    "baseLength": 20,
    "lifetime": 60,
    "colorFrom": "585858",
    "colorTo": "585858",
    "cone": 360},
    {"type": "WaveEffect",
    "lifetime": 15,
    "sizeFrom": 8,
    "sizeTo": 80,
    "strokeFrom": 3,
    "strokeTo": 0,
    "colorFrom": "585858",
    "colorTo": "FFFFFF"}]},
	"collidesAir":true
	  }},
{"name":"滚雷",
	"reload":70,
	"x":-24,"y":-16,
	"shootY":5,
	"rotate": true,
	"alternate" :true,
	"rotateSpeed":9,
	"shake":2,
	"shootSound":"laser",
	"bullet":{  
	"sprite":"circle-bullet",  
    "trailLength":3,
    "trailWidth":2, 
    "shrinkY":0,
    "hitShake":3,
    "frontColor":"FFFFFF",
    "backColor":"c0ecff",
    "trailColor":"c0ecff",
	"width": 10,	"height": 10,
	"speed": 8,	"lifetime": 40,	
	"damage":45,
    "status":"unmoving",
	"statusDuration":10,
	"lightningDamage":40,
	"lightning":5,
	"lightningLength":9,
    "lightningColor":"c0ecff",
	"splashDamageRadius":48,
	"splashDamage":73,
	"shootEffect":{"type": "ParticleEffect",
    "particles": 9,
    "sizeFrom": 3,
    "sizeTo": 0,
    "length": 55,
    "baseLength": 20,
    "lifetime": 10,
    "colorFrom": "c0ecff",
    "colorTo": "87ceeb",   "cone": 30},
	"despawnEffect":"lancerLaserShoot",
    "hitEffect":{
	"type": "MultiEffect",
	"effects": [
	{"type": "ParticleEffect",
    "particles": 9,
    "sizeFrom": 10,
    "sizeTo": 0,
    "length": 55,
    "baseLength": 20,
    "lifetime": 60,
    "colorFrom": "585858",
    "colorTo": "585858",
    "cone": 360},
    {"type": "WaveEffect",
    "lifetime": 15,
    "sizeFrom": 8,
    "sizeTo": 80,
    "strokeFrom": 3,
    "strokeTo": 0,
    "colorFrom": "585858",
    "colorTo": "FFFFFF"}]},
	"collidesAir":true}},
	{"name":"雷雨发生器",
	 "x":28,"y":20,
	 "reload":400,
	 "rotate": false,	 
	 "alternate" :false,
	 "shootSound":"release",
	 "inaccuracy": 0,
	 "shootCone":10,
	"bullet":{
	"type":"BasicBulletType",
	"collides":false,
    "scaleLife": true,
	"splashDamageRadius":200,
	"splashDamage":65,
    "despawnEffect":{"type": "WaveEffect",
        "lifetime": 100,
        "sizeFrom": 200,
        "sizeTo": 200,
        "strokeFrom": 3,
        "strokeTo": 1.6,
        "colorFrom": "c0ecff",
        "colorTo": "87ceeb" },
    "hitEffect":{"type": "ParticleEffect",
    "particles": 35,
    "sizeFrom": 35,
    "sizeTo": 0,
    "length": 0,
    "baseLength": 200,
    "lifetime": 110,
    "colorFrom": "585858",
    "colorTo": "585858",
    "cone": 360},
    "trailChance":1,
    "trailInterval":40,
    "trailEffect":{ "type": "WaveEffect",
    "lifetime": 20,
    "sizeFrom": 8,
    "sizeTo": 20,
    "strokeFrom": 1,
    "strokeTo": 0,
    "colorFrom": "c0ecff",
    "colorTo": "87ceeb" },
        "sprite":"missile-large",
        "trailLength":8,
        "trailWidth":5,
        "hitShake":20,
        "shrinkY":0,
        "frontColor":"FFFFFF",
        "backColor":"c0ecff",
        "trailColor":"c0ecff",
	"width": 24,	"height": 24,
	"speed": 8,	"lifetime": 50,
    "fragLifeMin":0.5,
    "fragBullets":35,
	"fragBullet":{
	"collides":false,
    "hittable":false,
    "absorbable":false,
    "hitEffect":{
	"type": "MultiEffect",
	"effects": [
	{"type": "ParticleEffect",
    "particles": 9,
    "sizeFrom": 10,
    "sizeTo": 0,
    "length": 55,
    "baseLength": 20,
    "lifetime": 60,
    "colorFrom": "585858",
    "colorTo": "585858",
    "cone": 360},
    {"type": "WaveEffect",
    "lifetime": 15,
    "sizeFrom": 8,
    "sizeTo": 80,
    "strokeFrom": 3,
    "strokeTo": 0,
    "colorFrom": "585858",
    "colorTo": "FFFFFF"}]},
	"despawnEffect":"none",
    "hitShake":3,
    "hitSound":"plasmaboom",
    "lightningColor":"c0ecff",
	"width":0,	"height":0,
	"lightningDamage":33,
	"lightning":9,
	"lightningLength":15,
	"splashDamageRadius":50,
	"splashDamage":37,
	"lifetime":100,
    "speed":2
    }	} 	}
	]
}
