{
	"type": "GenericCrafter",
	"name": "前沿实验室",
	"description": "研究并改进尖端高级技术。\n[red]不要急于求成[white]，科研不是短时间内可以成功的",
	"outputItem":{ "item": "二级协议", "amount": 1},
	"size": 3,
		"drawer":{
        "type":"DrawMulti",
        "drawers":[
            "DrawDefault"
            ]},
	"canOverdrive": false,
	"health":3500,
	"itemCapacity": 25,
	"hasPower": true,
	"hasItems": true,
	"craftTime": 3600,
	"consumes": {"power":20},
"requirements": [
	{ "item": "lead", "amount": 130 },
	{ "item": "silicon", "amount": 80 },
	{ "item": "titanium", "amount": 90 },
	{ "item": "thorium", "amount": 70 },
	{ "item": "一级协议", "amount": 3 }
	],
	"category": "effect",
	"research": "实验室"
}