{
    "range":200,
    "abilities": [
{"type":"EnergyFieldAbility",
    "damage":26,
    "reload":45, 
    "range":200,
 	"healPercent":1.65,
    "hitEffect":{"type": "ParticleEffect",
    "particles": 9,
    "sizeFrom": 9,
    "sizeTo": 0,
    "line":true,
    "length": 55,
    "baseLength": 0,
    "lifetime": 25,
    "colorFrom": "76D081FF",
    "colorTo": "76D081FF",
    "cone": 360},
"damageEffect":"chainLightning",
    "status":"electrified",
    "shootSound":"spark",
    "statusDuration":360,
    "x": 0,  "y": 0, 
    "maxTargets":40 }], 
    "weapons":[
	{"name":"玄武1",
	"type":"PointDefenseWeapon",
	"x":12.5,"y":-18,
	"rotate": true,
	"recoil":0,
	"rotateSpeed":9,
    "reload":6,
    "targetInterval":6,
    "targetSwitchInterval":6,
    "bullet":{
	"speed": 20,"lifetime": 10,
    "shootEffect":"sparkShoot",
    "hitEffect":"pointHit",
    "maxRange":200,
    "damage":30}},
	{"name":"玄武1",
	"type":"PointDefenseWeapon",
	"x":12.5,"y":14,
	"rotate": true,
	"recoil":0,
	"rotateSpeed":9,
    "reload":6,
    "targetInterval":6,
    "targetSwitchInterval":6,
    "bullet":{
	"speed": 20,"lifetime": 10,
    "shootEffect":"sparkShoot",
    "hitEffect":"pointHit",
    "maxRange":200,
    "damage":30}}, 
{"name":"玄武2",
    "x":0,"y":0,
	"inaccuracy": 360,
	"shoot":{
	    "shots":3,
	    "shotDelay":8},
	"shootCone":360,
	"shootSound":"missile",
	"rotate": false,
	"reload":100,
    "controllable":false,
	"autoTarget":true,
"bullet":{
	"height": 15,"width":8,
	"damage":80,
    "shrinkY":0,
    "absorbable":false,
    "homingDelay":45,
    "homingPower":0.08,
    "homingRange": 300, 
    "healPercent":8,
	"speed":5,"lifetime":120,
	"splashDamageRadius":55,
    "splashDamage":45, 
    "collidesTeam":true,
	"status":"electrified",
	"statusDuration":600,
    "frontColor":"97FFA8FF",	
    "backColor":"97FFA8FF",
    "trailLength":46,
	"trailWidth":2,
    "trailColor":"97FFA8FF", 
    "shootEffect":
{"type":"MultiEffect",
	"effects": [
{"type": "WaveEffect",
    "lifetime": 20,
    "sizeFrom": 5,"sizeTo": 30,
    "strokeFrom":3,"strokeTo":0,
    "colorFrom":"97FFA8FF",
    "colorTo": "ffffff"},
{"type": "ParticleEffect",
    "particles": 8,
    "sizeFrom": 6,"sizeTo": 0,
    "length": 45,"baseLength":0,
    "lifetime": 35,
    "colorFrom": "97FFA8FF",
    "colorTo": "ffffff",
    "cone": 360}]},
    "smokeEffect": "bigShockwave",
	"hitSound":"plasmaboom",
	"despawnEffect":"none",
	"hitEffect":{"type":"MultiEffect",
	"effects": [
	{"type": "ParticleEffect",
    "particles": 9,
    "sizeFrom": 5,"sizeTo": 0,
    "length": 60,
    "baseLength":5,
    "lifetime": 15,
    "colorFrom": "97FFA8FF",
    "colorTo": "ffffff",
    "cone": 360},
    {"type": "WaveEffect",
    "lifetime": 13,
    "sizeFrom": 2,"sizeTo": 65,
    "strokeFrom":6,"strokeTo":0,
    "colorFrom":"97FFA8FF",
    "colorTo": "97FFA8FF"}]}
    }}
    ],
    "health":20000
}