{
	"type": "GenericCrafter",
	"name": "泰勒合金冶炼厂",
	"description": "使用巨浪合金，硅钢冶炼泰勒合金",
	"outputItem": { "item": "泰勒合金", "amount": 1},
	"size": 3,
	"hasPower": true,
	"hasLiquids": false,
	"hasItems": true,
	"craftTime": 100,
	"itemCapacity": 20,
	"drawer":{
        "type":"DrawMulti",
        "drawers":[
            "DrawDefault",
    {"type":"DrawFlame",
    "flameColor":"25C9ABFF"}
            ]
    },
	"consumes": {
    "power":7,
    "items": {
			 "items": [
			  { "item": "硅钢", "amount": 1},
			  { "item": "surge-alloy", "amount": 1}
			]
  }
 },
"requirements": [
		{ "item": "lead", "amount": 85},
		{ "item": "silicon", "amount": 65 },
		{ "item": "surge-alloy", "amount": 45 },
		{ "item": "一级协议", "amount": 0 }
	],
	"category": "crafting",
	"research": "alloy-smelter"
}