{
	"type": "GenericCrafter",
	"name": "温压冶炼炉",
	"description": "使用废料和硅在高温高压的条件下低效率地冶炼合金",
	"outputItem": { "item": "surge-alloy", "amount": 1},
	"size": 3,
	"hasPower": true,
	"hasLiquids": false,
	"hasItems": true,
	"craftTime": 85,
	"itemCapacity": 18,
	"drawer":{
        "type":"DrawMulti",
        "drawers":[
            "DrawDefault",
            "DrawFlame"
            ]
    },
	"consumes": {
    "power":7.5,
    "items": {"items": [
{ "item": "scrap", "amount": 6},
{ "item": "silicon", "amount":3}	]
  }
 },
"requirements": [
{ "item": "lead", "amount": 90 },
{ "item": "graphite", "amount": 75 },
{ "item": "metaglass", "amount": 110 },
{"item": "thorium", "amount": 65},
{ "item": "一级协议", "amount": 1 }
	],
	"category": "crafting",
	"research": "熔炼炉"
}