{
	"type": "GenericCrafter",
	"name": "电磁合金冶炼炉",
	"description": "内产磁场加热，更高效率地冶炼合金。",
	"outputItem": { "item": "surge-alloy", "amount": 3},
	"size": 4,
	"hasPower": true,
	"hasLiquids": false,
	"hasItems": true,
	"craftTime": 70,
	"itemCapacity": 20,
	"drawer":{
        "type":"DrawMulti",
        "drawers":[
        "DrawDefault",
        "DrawFlame"
        ]
    },
	"consumes": {
    "power":9,
    "items": {"items": [
	"copper/8","lead/10","silicon/8","titanium/6"
		]
  }
 },
"requirements": [
	"lead/110","silicon/35",
	"硅钢/25","thorium/70",
	"一级协议/0"
	],
	"category": "crafting",
	"research": "alloy-smelter"
}