{
	"type": "GenericCrafter",
	"name": "硝化反应器",
	"description": "利用生化反应生产硝化重油，当心爆炸！",
	"health": 360,
	"outputLiquid": {"liquid": "硝化重油", "amount": 0.3},
	"itemCapacity": 10,
	"size": 3,
	"drawer":{
	    "type":"DrawMulti",
	    "drawers":[
	    {
	    "type":"DrawRegion",
	    "suffix":"-bottom"
	    },
	    {
	       "type":"DrawLiquidTile",
	    "drawLiquid":"硝化重油"
	    },
	    "DrawDefault"
	]},
    "hasItems": true,
	"hasLiquids": true,
	"outputsLiquid": true,
	"hasPower": true,
	"liquidCapacity": 30,
	"craftTime": 60,
	"consumes": {
		"power": 4.5,
	"items": {
	"items": [
	{ "item": "spore-pod", "amount": 1}	]	},
	"liquid": 
	{"liquid": "oil", "amount": 0.3 }
		},
	"requirements": [
	{ "item": "plastanium", "amount": 85 },
	{ "item": "metaglass", "amount": 60 },
	{ "item": "silicon", "amount": 80},
	{"item": "硅钢","amount":50},
	{ "item": "纳米核", "amount": 30 },
	{ "item": "一级协议", "amount": 0 }
	],
	"category": "crafting",
	"research": "激活器"
}